status,name,address,website,phone,email,first_name,last_name,job_title,email_verified,personal_email,google_rating,google_reviews,yelp_rating,yelp_reviews,fb_rating,fb_reviews,fb_likes,fb_checkins,fb_followers,is_title,is_description,is_adwords,is_facebook_ads,is_twitter_ads,is_linkedin_ads,is_bing_ads,is_robot,is_ssl,is_wordpress,fb_url,twitter_url,linkedin_url,youtube_url,instagram_url,category,search_type,crawler_status,women_owned,black_owned,business_id
,"Z Landscapes","Westworth Village, TX 76114",https://zlandscapes.com,6822302655,,,,,,,,,,,,,,,,0,0,0,0,0,0,0,0,0,0,,,,,,"Landscaping,Tree Services,Gardeners",yelp,1,0,0,95547335
,"Texan Concrete Specialist","904 Cresthaven Dr Euless, TX 76040",https://www.txconcretespecialist.com,6829705887,,,,,,,4.8,65,5,5,,,,,,0,0,0,0,0,0,0,0,1,0,,,https://www.linkedin.com/company/texan-concrete-specialist,,,"Masonry/Concrete,Tree Services",yelp,1,0,0,95547159
,"T&S Landscape Services","3121 Santa Fe Trl, Fort Worth, TX 76116",https://www.tslandscapeservicesdfw.com,6822551637,office@tslandscapeservicesdfw.com,,,,,,,,,,,,,,,1,1,1,0,0,0,0,0,1,0,https://www.facebook.com/p/TS-Landscape-Services-61561495076534/,//twitter.com/intent/tweet?text=The%20Ultimate%20Guide%20to%20Year-Round%20Commercial%20Landscape%20Maintenance&url=https://tslandscapeservicesdfw.com/blogs/news/the-ultimate-guide-to-year-round-commercial-landscape-maintenance,,,,"Tree Service,Landscape Designers & Consultants,Nursery-Wholesale & Growers",yellowpages,1,0,0,555749296
,"TruGreen Lawn Care","7501 Airport Fwy, Richland Hills, TX 76118",https://www.trugreen.com/local-lawn-care/texas/richland-hills/?utm_source=gmb_yext&utm_medium=organic&y_source=1_MTUzOTUwNjQtNTUzLWxvY2F0aW9uLndlYnNpdGU%3D,8175952035,customercare@trugreenmail.com,,,,,,4.4,824,,,,,452187,,454000,1,1,1,1,0,0,0,1,1,0,https://www.facebook.com/trugreen,"//www.twitter.com/intent/tweet?url=https%3A%2F%2Fwww.trugreen.com%2Fabout%2Fprivacy-policy&text=TruGreen Privacy Policy",https://www.linkedin.com/company/trugreen-chemlawn,https://www.youtube.com/trugreen,https://www.instagram.com/trugreen_lawn/,"Tree Service,Lawn Maintenance,Landscaping & Lawn Services",yellowpages,1,0,0,109842824
,"TreeTop Tree Service","2826 W Division St, Arlington, TX 76012",http://treetoptreeservice.com,8179926670,mark@treetoptreeservice.com,,,,,,4.9,174,,,,,,,424,1,1,0,0,0,0,0,1,1,1,https://www.facebook.com/TreeTopTreeService/,,,https://www.youtube.com/channel/UCjnk8kgwPE2BDA3DiD3kK0g,https://www.instagram.com/treetoptreeservice/,"Tree service",google,1,0,0,421371351
,"Tree Spark","6387 Camp Bowie Blvd Ste B145 Fort Worth, TX 76116",https://www.treesparkdfw.com,8177177737,treesparkdfw@gmail.com,,,,,,,,,,,,,,32,1,1,0,0,0,0,0,1,1,1,https://www.facebook.com/treesparkdfw/,https://twitter.com/TreeSparkTX,,,,"Tree Services,Electricians",yelp,1,0,0,95547333
New,"Trees Hurt Too Inc","6201 Anglin Dr, Forest Hill, TX 76119",https://www.treeshurttoo.com/about-us,6822031316,info@treeshurttoo.com,,,,,,4.9,157,,,,,,,,1,1,0,0,0,0,0,1,1,1,https://www.facebook.com/trees.hurt.too/,,,https://www.youtube.com/channel/UCPCHXKihYNmn5sVHZ19pq1A/videos,https://www.instagram.com/accounts/login/?next=https%3A%2F%2Fwww.instagram.com%2Ftreeshurttooinc%2F,"Tree Service",yellowpages,1,0,0,557933112
,"Tree Shepherds","314 Carlisle Dr Lake Dallas, TX 75065",https://www.treeshepherds.net,9723179598,wecare@treeshepherds.net,,,,,,5,147,5,13,5,27,541,9,,1,1,0,0,0,0,0,1,1,1,https://www.facebook.com/TheTreeShepherds/,,,https://www.youtube.com/channel/UC0VvBvSPc5HjzBNKH4A1ndw,https://www.instagram.com/tree_shepherds/,"Tree Services",yelp,1,0,0,95545136
,"Tree Services 24/7","Irving, TX 75060",https://www.treeservicestx247.com,2145415945,alcidesmartinez69@gmail.com,,,,,,,,5,1,,,,,,1,1,0,0,0,0,0,1,1,0,,,,,,"Tree Services",yelp,1,0,0,95528427
,"Heart of the Valley Tree Services","2122 W Park Row Dr Fl 1, Arlington, TX 76013",https://www.treeremoval-corvallis.com,5412915564,support@tcpacompliance.co,,,,,,,,,,,,,,,1,1,0,0,0,0,0,1,1,1,,,,,,"Tree Service",yellowpages,1,0,0,95544158
,"Tree Pro","Arlington, TX 76013",https://www.treeprotexas.com,6825834606,,,,,,,,,5,1,,,,,,0,0,0,0,0,0,0,0,0,0,,,,,,"Tree Services",yelp,1,0,0,95547252
,"Tonys Tree Service","3732 Earl St, Fort Worth, TX 76111",https://www.tonystreeservicetts.com/,8172664603,tonystreeservice15@gmail.com,,,,,,5,93,,,,,,,,1,1,0,0,0,0,0,0,1,0,,,,,,"Tree service in Fort Worth, Texas",google-places,1,0,0,380440997
,"Timber! Tree Service","7321 W Vickery Blvd, Benbrook, TX 76116",http://www.timbertexas.com,8176375715,timbertexas@gmail.com,,,,,,5,5,,,,,,,,1,1,0,0,0,0,0,0,1,0,https://www.facebook.com/timbertexas,https://twitter.com/timbertreeserv,https://www.linkedin.com/company/timber-tree-service?trk=top_nav_home,https://www.youtube.com/user/timbertreeservicetx,,"Tree Services",yelp,1,0,0,95547255
,SpringScapes,"204 Chamberland Ct, Arlington, TX 76001",https://www.springscapestx.com,4698778026,christina.allen@springscapestx.com,,,,,,,,5,2,,,68,,73,1,1,0,0,0,0,0,0,1,0,https://www.facebook.com/pg/springscapestx,https://twitter.com/,http://linkedin.com/,,http://instagram.com/,"Irrigation,Landscaping",yelp,1,0,0,92294456
,"Southwest Tree Service","3131 House Anderson Rd, Euless, TX 76040",https://www.southwesttreeservice.net/,8178995577,weservicetrees@gmail.com,,,,,,4.9,69,,,,,193,5,191,1,1,1,0,0,0,0,1,1,1,https://www.facebook.com/SouthwestTreeService,,,,,"Tree service in Fort Worth, Texas",google-places,1,0,0,8522094
,"SavATree - Tree Service & Lawn Care","3200 Stuart Dr, Fort Worth, TX 76110",http://savatree.com,8175814502,experts@savatree.com,,,,,,4.9,112,,,,,3681,93,4348,1,1,1,1,0,0,0,0,1,0,https://www.facebook.com/SavATreeHQ/,,https://www.linkedin.com/company/savatree/,https://www.youtube.com/user/naturestrees,https://www.instagram.com/savatree_official/,"Tree service",google,1,0,0,8522673
New,"SavATree - Tree Service & Lawn Care","3200 Stuart Dr, Fort Worth, TX 76110",https://www.savatree.com/fort-worth-tree-service-lawn-care,8175814502,mgalvin@savatree.com,,,,,,4.9,112,,,,,,,,1,1,1,0,0,0,0,0,1,0,https://www.facebook.com/SavATreeHQ/,,https://www.linkedin.com/company/savatree/,https://www.youtube.com/user/naturestrees,https://www.instagram.com/savatree_official/,"Tree Service",yellowpages,1,0,0,557933053
,"Sal's Landscape & Tree Service","1751 River Run Suite 200-31, Fort Worth, TX 76107",https://www.salslandscapetree.com/,8179032500,salstreescape@gmail.com,,,,,,4.8,104,,,,,,,,1,1,1,0,0,0,0,1,1,1,https://www.facebook.com/AfforadableTreeTrimming/,,,,,"Tree service in Fort Worth, Texas",google-places,1,0,0,555747979
,"Rudy’s Tree Service","9669 Forest Ln, Dallas, TX 75243",https://www.rudystreeservice.com,2148158728,rudyh702@gmail.com,,,,,,4.7,26,4.7,64,,,227,,227,1,1,0,0,0,0,0,1,1,1,https://www.facebook.com/RudyTreeService,,,https://www.youtube.com/channel/UCPAD787ftCtEkYRfxNJbQJQ,https://www.instagram.com/rudystreeservicetx/,"Tree Services,Landscaping",yelp,1,0,0,92296976
,"RJ Tree Service","6428 Meadow Way Ln, Fort Worth, TX 76179",https://www.rj-tree-service.com,2815461965,info.rjtreeservice@gmail.com,,,,,,5,791,,,,,47,,459,1,0,1,0,0,0,0,1,1,0,https://connect.facebook.net/en_US/fbevents.js,,,,https://www.instagram.com/info.rjtreeservice/,"Tree Service",yellowpages,1,0,0,95543956
,"R&G Tree Trimming","Lewisville, TX 75067",https://www.rgtreetrimming.com,4693065633,,,,,,,,,5,3,,,,,,0,0,0,0,0,0,0,0,0,0,,,,,,"Tree Services",yelp,1,0,0,95531235
,"Ramirez Tree Service","5150 Meadowbrook Dr, Fort Worth, TX 76112",,8177065649,ramireztreeservice4u@gmail.com,,,,,,4.8,93,,,,,,,,1,1,0,0,0,0,0,1,1,1,,,,,,"Tree Service,Stump Removal & Grinding",yellowpages,,0,0,331523190
,"RA Landscaping Management","5930 Plum St Ste 144, Watauga, TX 76148",https://www.ra-landscaping.com,8179371876,ra_landscaping@att.net,,,,,,,,,,,,,,152,1,0,0,0,0,0,0,1,1,0,http://www.facebook.com/RandALandscaping,,,,,"Tree Service,Landscape Designers & Consultants,Landscaping & Lawn Services",yellowpages,1,0,0,393725899
,"Quality Tree Service DFW","425 S Shady Shores Rd #25, Denton, TX 76208",http://qualitytreeservicedfw.com,4699084222,qualitytreeservicedfw@gmail.com,,,,,,4.9,127,,,,,185,2,200,1,1,1,0,0,0,0,1,1,1,https://www.facebook.com/Qualitylandsca/,,,,https://www.instagram.com/qualitylandscapeandtrees/,"Tree service",google,1,0,0,380443727
,"Purpose Of The Lionz Den Services Lawncare & More","Arlington, TX 76014",https://www.purposeofthelionzden.com,8179939157,,,,,,,,,5,1,,,,,,0,0,0,0,0,0,0,0,0,0,,,,,,"Lawn Services,Gardeners,Tree Services",yelp,1,0,0,95547722
,"Purple Care - Lawn Care & Pest Control Fort Worth","12121 Eagle Mountain Dam Rd, Fort Worth, TX 76135",https://www.purplecare.com/?utm_campaign=gmb,8178039433,sales@purplecare.com,,,,,,,,,,,,,,,1,1,1,0,0,0,0,1,1,1,,,,,,"Tree Service,Gardeners,Pest Control Services",yellowpages,1,0,0,557054836
,"Prichard Tree Care","North Richland Hills, TX 76180",https://www.prichardtreecare.com,8172848307,prichardtreecare@gmail.com,,,,,,5,18,5,3,,,320,,,1,1,0,0,0,0,0,1,1,1,https://www.facebook.com/prichardtreecare,https://twitter.com/care_prichard,https://www.linkedin.com/company/prichard-tree-service/about/,,,"Tree Services,Excavation Services",yelp,1,0,0,95546848
,"Price Right Professional Landscaping & Tree Service","2227 White Ln, Haslet, TX 76052",https://pricerighttrees.com/,8172904874,info@pricerighttrees.com,,,,,,4.9,284,,,,,986,,1100,1,1,0,1,0,0,0,1,1,1,https://www.facebook.com/pricerighttrees,,https://www.linkedin.com/company/price-right-tree-service/,,https://www.instagram.com/pricerighttrees/,"Tree service in Haslet, Texas",google-places,1,0,0,76204927
,"Polo Landscapes","Dallas, TX 75209",https://www.pololandscapes.com,2144139896,polo@pololandscapes.com,,,,,,4.8,74,4.1,117,,,1428,,1400,1,1,0,1,0,0,0,1,1,1,https://www.facebook.com/POLO-Landscapes-622708681168712/,,,https://www.youtube.com/@PoloLandscapes,,"Landscaping,Irrigation",yelp,1,0,0,92295675
,"Paul Bunyan Tree Services","Grand Prairie, TX 75052",https://www.pbtreeservice.com,8178918733,paubunyantreeservice@gmail.com,,,,,,,,5,6,,,,,,0,1,0,0,0,0,0,1,1,0,,,,,,"Tree Services",yelp,1,0,0,95530272
,"Parker Tree Service","11 Maxwell Ln Murphy, TX 75094",https://www.parkertreeservice.biz,2143942414,george@parkertreeservice.biz,,,,,,,,4,43,,,,,,1,1,0,0,0,0,0,1,0,1,https://www.facebook.com/profile.php?id=100095408139950,,,https://www.youtube.com/channel/UCCZ_pEVstJ-961cfmMMexXw,https://www.instagram.com/parkertxtreeservice/,"Tree Services",yelp,1,0,0,95547822
,"Ortega Tree Service","FORT WORTH, TX 76112",https://www.ortegatreecare.us,2146034169,raafa1241@gmail.com,,,,,,4.6,10,,,,,,,,0,0,0,0,0,0,0,0,1,0,,,,,,"Tree Services",yelp,0,0,0,95547247
,"One Green Lawn Landscaping","Fort Worth, TX 76179",https://www.onegreenlawnlandscaping.com,8177157393,onegreenlawn21@gmail.com,,,,,,5,3,5,1,,,,,,1,1,0,0,0,0,0,0,1,0,http://www.facebook.com/2008/fbml,,,,https://www.instagram.com/one.green.lawn/,"Lawn Services",yelp,1,0,0,92295504
,"Advanced Tree Services","6200 Cook Hills Rd Burleson, TX 76028",https://www.northtexastree.com,8172498733,info@northtexastree.com,,,,,,5,91,5,10,,,,,,1,1,1,0,0,0,0,1,1,0,,,,,,"Tree Services",yelp,1,0,0,95546420
,"New Horizon Design & Build","Pilot Point, TX 76258",https://www.newhorizondesignbuild.com,9405973298,sales@newhorizondesignbuild.com,,,,,,4.6,16,4.1,15,,,,,,1,1,0,0,0,0,0,1,1,0,,,,,,"Landscaping,Tree Services,Masonry/Concrete",yelp,1,0,0,92304313
,"Morgan’s Tree Service","6312 Berlinetta Dr, Arlington, TX 76001",https://www.morganstreeservices.com,8178229434,morganstreeservicedfw@gmail.com,,,,,,,,4,3,,,,,,1,0,0,0,0,0,0,1,1,0,,,,,,"Tree Services",yelp,1,0,0,95529335
,"MDS Tree Service","1917 Wiseman Ave, Fort Worth, TX 76105",https://www.mdstreeservice.net/contact_us,8177301533,mdstreeservice@yahoo.com,,,,,,5,6,,,,,,,,1,0,0,0,0,0,0,1,1,0,,,,,,"Tree Service",yellowpages,1,0,0,95543248
,"Tree Trimming Fort Worth","808 W Beddell St, Fort Worth, Tx 76115 · ~40.7 mi",https://www.integritytreecare.org/,8174021818,,,,,,,,,,,4.8,54,1923,,,0,0,0,0,0,0,0,1,1,1,https://www.facebook.com/IntegrityTreeCareTX,https://twitter.com/integritytreetx,https://www.linkedin.com/company/integrity-tree-care,https://www.youtube.com/channel/UCmlkRkr57GoqGgq9xys9tkw,https://instagram.com/integritytreecare/,"Tree services",bing,1,0,0,95544076
,Glennscape,"3333 Suffolk Dr, Fort Worth, TX 76133",https://www.glennscape.com/service-page/drainage,8179263553,info@glennscape.com.au,,,,,,,,,,,,587175,,46,1,1,0,1,0,0,0,1,1,0,http://www.facebook.com/wix,,,,,"Tree Service,Landscape Contractors,Drainage Contractors",yellowpages,1,0,0,103839099
,"Gecko Green","5001 N Fwy Ste 111 Fort Worth, TX 76106",https://www.geckogreen.com/lawn-care-fort-worth-tx?utm_source=yelp&utm_medium=listing_ad&utm_campaign=yelp_ft_worth,9729629660,customercare@geckogreen.com,,,,,,4.8,231,5,2,4.3,123,620,8,,1,1,1,0,0,0,0,1,1,1,https://www.facebook.com/geckogreen,https://twitter.com/geckogreenlawn,,,,"Lawn Services,Pest Control,Tree Services",yelp,1,0,0,95546551
,"Fort Worth Arborist","3437 W 7th St Ste 161, Fort Worth, TX 76107",https://www.fortwortharborist.com,8177711183,office@fortwortharborist.co,,,,,,,,,,4,9,,,,1,1,1,0,0,0,0,1,1,1,https://www.facebook.com/fortwortharboristco/,https://twitter.com/,,,,"Tree Service,Arborists,Stump Removal &amp; Grinding",yellowpages,1,0,0,95543758
,"DFW Tree Solution","2826 W Division St, Arlington, TX 76012",http://dfwtreesolution.com,8178370880,mike@dfwtreesolution.com,,,,,,4.8,56,,,,,3,,4,1,1,0,0,0,0,0,1,1,0,,,,,,"Tree service",google,1,0,0,95546819
,"D&K Tree Service","Azle, TX 76020",https://www.d-ktreeservicestx.com,8175178539,dandktreeservice2014@gmail.com,,,,,,4.9,99,5,1,,,,,,1,1,1,0,0,0,0,1,1,1,https://www.facebook.com/DandKTreeService2014/,,,,,"Tree Services",yelp,0,0,0,95546419
,"Home Commercial Services","205 W Fogg St, Fort Worth, TX 76110",https://www.cleaning4hcs.com,9728278081,hcstexas@gmail.com,,,,,,,,,,,,,,,1,1,0,0,0,0,0,1,1,0,,,,,,"Tree Service,Home Improvements,Janitorial Service",yellowpages,1,0,0,106176389
,"Clean Edge Tree Service & Removal","608 East Hickory St Ste 128 Denton, TX 76205",https://www.cleanedgetrees.com,9726895102,,,,,,,5,564,4.8,11,,,,,,1,1,0,0,0,0,0,0,1,0,https://www.facebook.com/CleanEdgeTrees/,,,https://www.youtube.com/channel/UCWvK9ndKujZQDIKB0mLyzew,https://www.instagram.com/clean_edge_tree_service/,"Tree Services",yelp,1,0,0,95546330
,"Chippers Tree Service","1617 W Shady Grove Rd, Grand Prairie, TX 75050",http://chipperstreeservice.net,9727439959,info@chipperstreeservice.net,,,,,,4.9,219,,,,,,,,1,1,0,0,0,0,0,1,1,1,https://facebook.com/,,,,,"Tree service",google,1,0,0,8522614
,"C-Three Tree Service","1413 Augusta Rd, Benbrook, TX 76126",https://www.c3tree.com,8172499273,info@c3tree.com,,,,,,3.7,10,,,,,730,,731,1,1,0,0,0,0,0,1,1,1,https://www.facebook.com/c3treeco,,,,,"Tree Service",yellowpages,1,0,0,331523662
,"Bronco Land Clearing","Fort Worth, TX 75412",https://www.broncolandclearing.com,8173814511,broncolandclearing@gmail.com,,,,,,5,92,5,2,,,,,61,1,1,0,0,0,0,0,1,1,0,https://www.facebook.com/BroncoLandClearing,,,https://www.youtube.com/BroncoLandClearing,https://www.instagram.com/BroncoLandClearing,"Tree Services",yelp,1,0,0,95546417
,"Big Bear Tree Company","Arlington, TX 76017",https://www.bigbeartreeco.com,8065671926,,,,,,,,,5,1,,,,,,0,0,0,0,0,0,0,0,0,0,,,,,,"Tree Services",yelp,1,0,0,95546963
,"Bartlett Tree Experts - Southlake","1900 Brumlow Ave Southlake, TX 76092",https://www.bartlett.com/locations/Southlake-TX.cfm/?utm_source=yelp&utm_medium=yelp_cpc&campaign=yelp_listing,8174053464,southlakeoffice@bartlett.com,,,,,,4.8,56,5,7,,,,,,1,1,0,0,0,0,0,1,1,1,http://www.facebook.com/pages/Bartlett-Tree-Experts/128790543841,http://twitter.com/BartlettTreeExp,https://www.linkedin.com/company/bartlett-tree-experts,https://www.youtube.com/user/BartlettTreeExperts,https://www.instagram.com/lifeatbartlett/?hl=en/,"Tree Services",yelp,1,0,0,95543910
,"Bartlett Tree Experts - Fort Worth","2830 S Hulen St, Ste 169 Fort Worth, TX 76109",https://www.bartlett.com/locations/Fort-Worth-TX.cfm/?utm_source=yelp&utm_medium=yelp_cpc&campaign=yelp_listing,8174220047,lfeilmeier@bartlett.com,,,,,,,55,,,,,9379,,,1,1,0,0,0,0,0,1,1,1,http://www.facebook.com/pages/Bartlett-Tree-Experts/128790543841,http://twitter.com/BartlettTreeExp,https://www.linkedin.com/company/bartlett-tree-experts,https://www.youtube.com/user/BartlettTreeExperts,https://www.instagram.com/lifeatbartlett/?hl=en/,"Tree Services",yelp,0,0,0,95546701
,"Bartlett Tree Experts","2830 S Hulen St #169, Fort Worth, TX 76109",https://www.bartlett.com/locations/fort-worth-tx.cfm,8176568733,gharrier@bartlett.com,,,,,,5,2,,,,,,,,1,1,0,0,0,0,0,1,1,1,https://connect.facebook.net/en_US/fbevents.js,http://twitter.com/BartlettTreeExp,https://www.linkedin.com/company/bartlett-tree-experts,https://www.youtube.com/user/BartlettTreeExperts,https://www.instagram.com/lifeatbartlett/?hl=en/,"Tree service in Fort Worth, Texas",google-places,1,0,0,8522748
,"Ark Construction & Landscaping","5005 Ira St, Haltom City, TX 76117",https://www.arkconstructionandlandscaping.com,8176824887,contact@arkconstructionandlandscaping.com,,,,,,5,1,,,,,,,,1,0,0,0,0,0,0,0,1,0,,,,,,"General Contractors,Tree Service",yellowpages,1,0,0,491631162
,"Arborist USA","6800 Winifred Dr, Fort Worth, TX 76133",https://www.arboristusa.com/,8178806130,info@arboristusa.com,,,,,,4.8,109,,,,,688,,785,1,1,0,0,0,0,0,1,1,1,https://www.facebook.com/ArboristUSA,https://twitter.com/arboristusa,,,https://www.instagram.com/arboristusatreeservice/,"Arborist service in Fort Worth, Texas",google-places,1,0,0,8521284
,"Anderton Tree Service","5001 Borden Dr, Fort Worth, Tx 76116 · ~45.6 mi",https://www.andertontreeservice.com/,8178752763,,,,,,,4.8,74,,,,,,,,1,1,0,0,0,0,0,1,1,0,,,,,,"Tree services",bing,1,0,0,95543624
,"All About Mowing","12201 Mitchell Dr, Alvarado, TX 76009",https://www.allaboutmowing.com,8177131556,allaboutmowing@aol.com,,,,,,,,,,,,,,,1,1,0,0,0,0,0,0,1,0,https://www.facebook.com/allaboutmowing/,,https://www.linkedin.com/company/all-about-mowing,,,"Tree Service,Lawn Maintenance,Stump Removal & Grinding",yellowpages,1,0,0,109843063
,"Worsham's Lawn Service","1016 Hannah St, Burleson, TX 76028",https://worshamslawn.com,8175851222,josh@worshamslawn.com,,,,,,4,41,,,,,,,22,1,1,0,0,0,0,0,1,1,1,https://www.facebook.com/worshamslawn/,,,,,"Tree Service,Landscape Contractors,Lawn Maintenance",yellowpages,1,0,0,108327738
,"Wood Work Tree Service Dfw","Irving, TX 75016",https://woodworktreeservicedfw.com,4698450728,woodworktreeservice@gmail.com,,,,,,,,5,1,,,7,,7,1,1,0,0,0,0,0,1,1,1,https://www.facebook.com/people/Wood-Work-Tree-Service/100091498226520/?mibextid=ZbWKwL,,,,,"Tree Services",yelp,1,0,0,95528780
,"Wintergreen Tree Service","Roanoke, TX 76262",https://wintergreen-tree-service.mailchimpsites.com,9402330179,tiffaniechola@gmail.com,,,,,,5,4,,,,,,,,1,0,0,0,0,0,0,1,1,0,,,,,,"Firewood,Tree Services",yelp,1,0,0,95547720
,"Tree Service Fort Worth",,http://treeservicefortworth.org,8175029402,treeservicesfortworth@gmail.com,,,,,,4.4,41,,,,,238,2,323,1,1,0,0,0,0,0,0,1,0,https://www.facebook.com/TreeServiceFortWorth/,https://twitter.com/TreesFortWorth,,https://www.youtube.com/channel/UC8VXjAkCEK8WnqMBMMfM1fA?view_as=subscriber,,"Tree service",google,1,0,0,95544204
,"Juan tree services","4801 Sewell Ave, Fort Worth, TX 76114",http://villatorotreeservices.com,8178068349,juanvillatoro1982@gmail.com,,,,,,5,7,,,,,,,,1,0,0,0,0,0,0,1,1,1,,,,,,"Tree service",google,1,0,0,380444104
New,"Valdez Tree Service","4928 Callahan St, Fort Worth, TX 76105",https://valdeztreeservice.net,8174055213,valdeztreeservicetx@gmail.com,,,,,,5,209,,,,,,,,1,1,1,0,0,0,0,1,1,1,,,,,,"Tree Service,Arborists,Stump Removal & Grinding",yellowpages,1,0,0,557933068
,"TTM Tree Service","5301 E Fm 1197, Burleson, TX 76028",https://ttmtree.com,8174775296,,,,,,,4.8,59,,,,,,,,1,1,0,0,0,0,0,1,1,1,https://www.facebook.com/login/?next=https%3A%2F%2Fwww.facebook.com%2Fpages%2Fcategory%2FLandscape-Company%2FTTM-Tree-Service-Lawn-Maintenance-615741001836094%2F,,,,,"Tree Service",yellowpages,1,0,0,95543208
,"Trussell’s Landscaping Trussell’s Tree Service","609 W Atchley, Alvarado, TX 76009",https://trussellslandscaping.com,8175266945,dwaynetrussell@gmail.com,,,,,,5,21,5,2,5,6,237,,315,1,1,0,0,0,0,0,1,1,0,https://www.facebook.com/TxTreeTrimming,https://twitter.com/TrussellDwayne,https://www.linkedin.com/in/trussell-tree-service,https://www.youtube.com/@dwaynetrussell-treeservice,https://www.instagram.com/cuttrees2021/?utm_medium=copy_link,"Landscaping,Firewood,Tree Services",yelp,1,0,0,92307414
,"The Real McCoy Landscape Service","7337 Brentwood Stair Rd, Fort Worth, TX 76112",https://trmlandscaping.com/contacts,8176901628,j.mccoy@trmlandscaping.com,,,,,,,,,,,,,,,1,0,0,0,0,0,0,1,1,0,,,,,,"Tree Service,Landscape Contractors,Landscape Designers & Consultants",yellowpages,1,0,0,487700071
,"Trinity Forest Tree Care Service","5001 Borden Dr, Fort Worth, TX 76116",https://trinityforesttreecareservice.com/,8176091495,8f1179c1862f41e6a085c8c9124506c0.protect@withheldforprivacy.com,,,,,,4.9,144,,,,,,,,1,0,1,0,0,0,0,1,1,1,,,,,,"Tree service in Fort Worth, Texas",google-places,1,0,0,8521565
New,"Soto's Tree","Fort Worth, TX 76112",https://treesvcsintx.com,8176638952,admin@treesvcsintx.com,,,,,,,,,,,,,,,1,1,0,0,0,0,0,1,1,1,https://www.facebook.com/people/Sotostreecon/61561602990383/,,,,,"Tree Service",yellowpages,1,0,0,557933065
,"Tree Service Pros","2909 College Ave, Fort Worth, TX 76110 · ~40 mi",https://treeservicepros.org/,8175089940,,,,,,,5,4,,,,,,,,0,1,0,0,0,0,0,1,1,1,,,,,,"Tree services",bing,1,0,0,95543990
,"Jose‘s Tree Services","Irving, TX 75060",https://treeserviceirvingtx.com,9729712531,joselandscaping879@gmail.com,,,,,,,,4.5,11,,,98,,109,1,1,0,0,0,0,0,1,1,1,https://www.facebook.com/landscapeJose/,,,,,"Tree Services",yelp,1,0,0,95531627
New,"Trees by Vicente","6405 Willard Rd, Fort Worth, TX 76119",https://treesbyvicente.com/,8174017711,treesbyvicent@gmail.com,,,,,,5,11,,,,,,,,1,0,0,0,0,0,0,1,1,1,https://www.facebook.com/vicente.alvarado.3344913/,,,,,"Tree service in Fort Worth, Texas",google-places,1,0,0,557935611
,Treenewal,"1617 Park Pl Ave, Forth Worth, Tx 76110 · ~40 mi",https://treenewal.com/fort-worth-arborist-services,8177698740,info@treenewal.com,,,,,,,,,,4.6,37,273,,,1,1,1,0,0,0,0,1,1,1,https://www.facebook.com/TreeNewalLLC/,,https://www.linkedin.com/company/16243870/,https://www.youtube.com/channel/UCYC6tVx48S2ksKtbrqPVcaw,https://www.instagram.com/treenewal_dfw/,"Tree services",bing,1,0,0,95544441
,"TreeNewal, Certified Arborist","1617 Park Pl Ave Suite 110-TN17, Fort Worth, TX 76110",https://treenewal.com/,8177698740,d.gaona@treenewal.com,,,,,,5,3,,,,,,,,1,1,1,0,0,0,0,1,1,1,https://www.facebook.com/2008/fbml,,https://www.linkedin.com/company/16243870/,https://www.youtube.com/channel/UCYC6tVx48S2ksKtbrqPVcaw,https://www.instagram.com/treenewal_dfw/,"Tree service in Fort Worth, Texas",google-places,1,0,0,380445843
,"The Tree Place","5625 Interstate 20, Fort Worth, TX 76140",https://thetreeplace.com,8175619248,thetreeplacenursery@gmail.com,,,,,,4.8,311,,,,,,,,1,1,0,0,0,0,0,0,1,0,https://www.facebook.com/TheTreePlaceNursery,,,https://www.youtube.com/channel/UC74ARha8UkDeNlLNVjlUQLw/featured?view_as=subscriber,https://www.instagram.com/thetreeplacetx/,"Tree Service,Nurseries-Plants & Trees,Garden Centers",yellowpages,1,0,0,95543772
New,"Texas Tree Tops-Tree Services LLC","3613 Avenue N, Fort Worth, TX 76105",http://texastreetops.com,6823657478,pwp-376bdb032716e5fd409fbe840a3f172a@privacyguardian.org,,,,,,5,206,,,,,,,,0,0,0,0,0,0,0,1,0,0,,,,,,"Tree service",google,1,0,0,557932834
,"Texas Tree Surgeons","196 S International Rd Garland, TX 75042",https://texastreesurgeons.com,9727790596,office@texastreesurgeons.com,,,,,,4.8,183,4.4,91,4.8,29,2498,,,1,1,1,0,0,0,0,1,1,1,https://www.facebook.com/textreesurgeons/,https://twitter.com/intent/tweet?text=Why%20Shouldn%E2%80%99t%20We%20Treat%20for%20Aphids%3F&url=https%3A%2F%2Ftexastreesurgeons.com%2Fblog%2F2022%2F10%2F14%2Faphid-control-2022%2F,https://www.linkedin.com/company/textreesurgeons,https://youtube.com/@texastreesurgeons2286,https://www.instagram.com/textreesurgeons/,"Tree Services",yelp,1,0,0,95544394
,"L&L Lawn Care","Fort Worth, TX 76134",https://texaslawncare.net,8056254516,,,,,,,,,,,,,,,,0,0,0,0,0,0,0,0,0,0,,,,,,"Lawn Services,Tree Services,Landscape Architects or Designers",yelp,1,0,0,92295855
,"Kerry Kellam Certified and Consulting Arborist","Arlington, TX 76013",https://texas-arborist.com,8172660117,,,,,,,,,5,1,,,,,,0,0,0,0,0,0,0,0,1,0,,,,,,"Tree Services",yelp,1,0,0,95547160
,"Supreme Tree Service","Fort Worth, TX 76120",https://supremetreeservicedfw.com,2146645281,supremetreeservicedfw@gmail.com,,,,,,,,3.7,3,,,,,24,1,0,0,0,0,0,0,1,1,1,https://www.facebook.com/Supremetreeservicedfw,,https://www.linkedin.com/in/carlos-salinas-031540234/,,https://www.instagram.com/supremetreeservicedfw/,"Tree Services",yelp,1,0,0,95546778
,"Precision Landscaping Services","7928 leslie dr, Richland hills, TX 76118",https://streetviewpixels-pa.googleapis.com/v1/thumbnail?panoid=8BbnOvb6CImC-J6O1P14tQ&cb_client=search.gws-prod.gps&w=211&h=120&yaw=170.83646&pitch=0&thumbfov=100,6823003543,,,,,,,5,2,,,,,,,,0,0,0,0,0,0,0,0,1,0,,,,,,"Tree Service,Landscaping & Lawn Services,Landscape Contractors",yellowpages,1,0,0,108327576
,"Soto's Tree Service","Serving theFort Worth Area",https://sotostreeservices.net,8178093269,support@masclientes.com,,,,,,,,,,,,,,,1,1,0,0,0,0,0,0,1,0,,,,,,"Tree Service",yellowpages,1,0,0,95543903
,"Smith Lawn and Tree","3200 Handley Ederville Rd, Richland Hills, TX 76118",https://smithdfw.com,8179212222,russell@smithdfw.com,,,,,,,,,,,,,,,1,1,0,0,0,0,0,1,1,1,https://www.facebook.com/smithlawnandtree/,,,,,"Tree Service,Gardeners,Landscape Designers & Consultants",yellowpages,1,0,0,489974525
,"Shamblin's Tree Service - Tree &amp; Stump Removal, Cutting, &amp; Trimming","Serving theFort Worth Area",https://shamblinstreeservice.com,8176761056,,,,,,,4.7,18,,,,,,,,1,1,0,0,0,0,0,1,1,0,https://www.facebook.com/sharer/sharer.php?u=,,,,,"Tree Service",yellowpages,1,0,0,95543896
,"Ridgeline Tree Services","9500 Ray White Rd STE 200, Fort Worth, TX 76244",http://ridgelinetreeservices.com,8175014583,rob@ridgelinetreeservices.com,,,,,,5,153,,,,,,,,1,1,0,0,0,0,0,1,1,1,,,,,,"Tree service",google,1,0,0,95545092
,"RCJ Cleaning Specialists","6944 Tillman St, Dallas, TX 75253",https://rcjcleaningspecialists.com,4697084466,rcjcleaningspecialists@gmail.com,,,,,,4.9,59,4.9,137,,,131,2,175,1,1,0,0,0,0,0,1,1,0,https://www.facebook.com/RCJCleaningSpecialistsLLC/,,,,https://www.instagram.com/cleaningspecialists/,"Home Cleaning,Office Cleaning,Painters",yelp,1,0,0,92295653
,"Qualified Tree Care","8051 Moonmist Cir, Fort Worth, TX 76140",https://qualifiedtreecaretx.com,8172438922,qualifiedtreecaretx@gmail.com,,,,,,,,,,,,18,,22,1,1,0,0,0,0,0,1,1,1,https://www.facebook.com/qualifiedtreecaretx,,,,,"Tree Service",yellowpages,1,0,0,331523338
,"Nutri Green Lawn Treatment & Weed Control","5940 Kroger Dr Ste 105, Fort Worth, TX 76244",https://nutrigreenlawns.com,8172328550,mark@nutrigreenlawns.com,,,,,,,,,,,,,,,1,1,1,0,0,0,0,1,1,0,https://connect.facebook.net/en_US/fbevents.js,,https://www.linkedin.com/company/2925936,https://www.youtube.com/@Emeraldlawnsaustin,https://www.instagram.com/emeraldlawns,"General Contractors,Tree Service,Lawn Maintenance",yellowpages,1,0,0,542316532
,"NEON Monkey Tree Services","1137 Burton Hill Rd Suite E, Fort Worth, TX 76114",https://neonmonkeytree.com/,8172142986,sales@neonmonkeytree.com,,,,,,4.9,166,,,,,,,,1,0,1,0,0,0,0,1,1,1,https://www.facebook.com/NeonMonkeyServices,,,,https://www.instagram.com/neonmonkeyllc,"Tree service in Fort Worth, Texas",google-places,1,0,0,555749080
,"MS Landscaping","Fort Worth, TX 76105",https://mslandscaping2.wixsite.com/fortworth,8178209470,ms.landscaping@hotmail.com,,,,,,4,8,,,,,601350,,46,1,1,0,1,0,0,0,1,1,0,https://www.facebook.com/wix,https://twitter.com/Wix,https://www.linkedin.com/company/wix-com,,,"Lawn Services,Tree Services,Irrigation",yelp,1,0,0,92297582
,"Mercer Tree Service","3224 Deep Crest Dr, Fort Worth, TX 76244",https://mercertreeservice.net,8172475651,support@mercertreeservice.net,,,,,,,,,,,,,,,1,1,0,0,0,0,0,1,1,1,https://www.facebook.com/Mercer-Tree-Service-544234275758774/,,,,,"Tree Service",yellowpages,1,0,0,525264462
,"Lone Oak Tree And Fence Service","1221 W Lone Oak Rd Valley View, TX 76272",https://loneoaktreeandfenceservice.com,9404434520,loneoakservice1221@gmail.com,,,,,,,,4.8,6,,,,,,0,1,0,0,0,0,0,0,1,0,https://www.facebook.com/profile.php?id=100070939884548,,,,,"Tree Services,Fences & Gates",yelp,1,0,0,95544398
,"Lemon Tree","Irving, TX 75061",https://lemontreecare.com,4694446122,sales@lemontreecare.com,,,,,,,,3.7,3,,,46,,81,1,0,0,0,0,0,0,1,1,1,https://www.facebook.com/LemonTreeCareServiceTexas,,,https://www.youtube.com/embed/VhBl3dHT5SY?feature=oembed?playlist=VhBl3dHT5SY&mute=0&autoplay=0&loop=no&controls=0&start=0&end=,https://www.instagram.com/lemontreeservice/,"Tree Services",yelp,1,0,0,95529203
,"Legendary Trees","3905 Alamo Ave, Fort Worth, TX 76107",https://legendarytrees.com/contact-us,8004646690,info@legendarytrees.com,,,,,,5,4,,,,,184,,191,1,1,1,0,0,0,0,1,1,1,https://www.facebook.com/legendarytrees,https://twitter.com/legendary-trees,,,https://www.instagram.com/legendarytrees/,"Nurseries-Plants & Trees,Garden Centers,Tree Service",yellowpages,1,0,0,95543812
,"J C Tree Services","2701 Amber Dr S, Fort Worth, TX 76133",https://jctreeservice.us,8172921476,jc.tree@ymail.com,,,,,,4.8,33,,,,,1278,53,1300,1,0,0,0,0,0,0,1,1,1,https://www.facebook.com/JcTreeService,,,,,"Tree Service,Landscape Contractors",yellowpages,1,0,0,247803233
,"High Plains Tree & Landscape","Fort Worth, TX 76164",https://highplainstreeandlandscape.com,8176596184,,,,,,,5,4,1,1,,,,,,0,0,0,0,0,0,0,0,0,0,,,,,,"Landscaping,Tree Services,Irrigation",yelp,1,0,0,92296962
,"Harrod’s Arbor Tech","703 E Lake Drive, Weatherford, TX 76087",https://harrodsarbortech.com,8175963788,,,,,,,,,1,1,,,,,,0,0,0,0,0,0,0,0,0,0,,,,,,"Tree Services",yelp,1,0,0,95547329
New,"A-Affordable Landscaping & Tree Service","Serving theFort Worth Area",https://go.thryv.com/site/aaffordablelandscapingandtreeservice,8007152713,gabriel.vasquez@thryv.com,,,,,,,,,,,,,,,0,1,0,0,0,0,0,1,1,0,,,,,,"Tree Service",yellowpages,1,0,0,557933045
,"A-Affordable Landscaping &amp; Tree Service","Serving theFort Worth Area",https://go.thryv.com/site/aaffordablelandscapingandtreeservice,8007152713,jim.allison@thryv.com,,,,,,,,,,,,,,,0,1,0,0,0,0,0,1,1,0,,,,,,"Tree Service",yellowpages,1,0,0,95543194
,"Fort Worth Tree Removal Services","Fort Worth, TX 76105",https://fortworthtreeremovalsvcs.com,6822209065,,,,,,,,,,,,,,,,0,0,0,0,0,0,0,0,0,0,,,,,,"Tree Service",yellowpages,1,0,0,95543503
,"Fort Worth Tree Removal","4012 South Fwy, Ste 27 Fort Worth, TX 76110",https://fortworthtreepro.com,8173492015,,,,,,,,,,,,,,,,0,0,0,0,0,0,0,0,0,0,,,,,,"Tree Services",yelp,1,0,0,95547249
,"Fort Worth Arborist","7605 Wagnon St White Settlement, TX 76108",https://fortwortharborist.co,8179750180,matthew@fortwortharborist.co,,,,,,,,5,3,,,,,,0,0,0,0,0,0,0,0,0,0,,,,,,"Tree Services",yelp,0,0,0,95546424
,"Falcon Tree Experts","1411 Dutchman Creek Dr DeSoto, TX 75115",https://falcon-tree-experts.business.site,4693943485,,,,,,,,,5,3,,,,,,1,0,0,0,0,0,0,1,1,0,,,,,,"Tree Services",yelp,1,0,0,95546864
,"Espinoza’s Landscaping & Tree Service","Fort Worth, TX 76107",https://espinozaslawnandtree.com,6825971246,,,,,,,,17,4,4,,,,,,1,1,0,0,0,0,0,1,1,0,,,,,,"Landscaping,Tree Services",yelp,1,0,0,92309320
,"Diaz Tree & Lawn Service","Garland, TX 75043",https://diaztreeandlawnservices.com,2148610002,diaztreeandlawnservice@gmail.com,,,,,,,,4.8,6,,,546,4,610,1,0,0,0,0,0,0,1,1,1,https://m.facebook.com/diaztreeandlawnservice/?_rdr,https://twitter.com/EvelioD89500623,,,https://www.instagram.com/diaztreeandlawnservice?igsh=MTVoY2lnN3NiejI0Mg==,,yelp,1,0,0,95530121
,"The DFW Stump Grinder, Stump Removal","6609 Silver Oak Ln, Fort Worth, TX 76135",http://dfwstumpgrinder.com,8179887258,,,,,,,5,37,,,,,,,,1,1,0,0,0,0,0,1,1,0,https://facebook.com/The-DFW-Stump-Grinder-1141437599329170/,,,https://www.youtube.com/@TheCJbeasley,,"Tree service",google,1,0,0,95546366
,"Cowboy's Tree and Fence Services","900 E Dickson St, Fort Worth, TX 76110",https://cowboystreeandfenceservices.com,8173337049,nrobert@broofa.com,,,,,,,,,,,,,,,1,0,0,0,0,0,0,0,1,0,,,,,,"Tree Service",yellowpages,1,0,0,380440604
,"Clearfork Lawn Care","3310 Lackland Rd, Fort Worth, TX 76116",https://clearforklawncare.com,8177059352,info@clearforklawncare.com,,,,,,4.1,25,,,,,531,10,,1,1,1,0,0,0,0,1,1,1,,,https://www.linkedin.com/company/clearfork-lawn-care,,https://www.instagram.com/clearforklawncare/,"Tree Service,Lawn Maintenance,Landscape Contractors",yellowpages,1,0,0,108326134
,"Castro’s Tree Service","1319 Mountain Lake Rd, Dallas, TX 75224",https://castrostree.com,9453270347,,,,,,,,,4.9,101,,,,,,1,0,0,0,0,0,0,1,1,1,,,,,,"Tree Services",yelp,1,0,0,95528760
,"Brown's Tree Service","Serving theFort Worth Area",https://brownstreeservicetx.com/,8173716580,,,,,,,4.8,79,,,,,,,,1,1,0,0,0,0,0,1,1,1,https://connect.facebook.net/en_US/fbevents.js,,,,,"Tree Service,Landscape Designers & Consultants,Landscape Contractors",yellowpages,1,0,0,108328008
,"Arbor Leaf Tree Care","6387 Camp Bowie Blvd, Fort Worth, TX 76116",http://arborleaftreecare.com,8178627735,brandon@arborleaftreecare.com,,,,,,,,,,,,,,,1,1,0,0,0,0,0,1,1,1,,,,,,"Tree service",google,1,0,0,249267701
,"Classic Cuts Tree Trimming and Removal","Southlake, TX 76092",https://arboristarlingtontx.com,8172018727,bdlangford37@gmail.com,,,,,,,,5,7,,,,,,1,1,0,0,0,0,0,1,1,1,,,,,,"Tree Services,Landscaping",yelp,1,0,0,92316511
,"Horton Tree Service",,http://hortontree.com,8175722334,darlene@hortontree.com,,,,,,3.5,22,,,,,,,,0,0,0,0,0,0,0,0,0,0,,,,,,"Tree service",google,1,0,0,8522871
,"A. Matt Tree Service","5301 W Caylor Rd, Fort Worth, TX 76244",https://amatt-treeservice.com/,8173918899,amatt.treeservice@yahoo.com,,,,,,4.9,373,,,,,588,22,652,1,1,0,0,0,0,0,1,1,1,https://www.facebook.com/A-Matt-Tree-Service-166550950142362/,https://twitter.com/amathshoes,,,https://www.instagram.com/amatt.treeservice/,"Tree service in Fort Worth, Texas",google-places,1,0,0,8521558
New,"Alvarez Tree Service","4101 S Adams St, Fort Worth, TX 76115",http://alvareztrees.com,6822061113,,,,,,,5,97,,,,,,,,1,1,1,0,0,0,0,1,1,0,https://connect.facebook.net/en_US/fbevents.js,,,,,"Tree service",google,1,0,0,557932789
,"Alvarado Tree Service","3285 Todd Ave, Fort Worth, TX 76110",http://alvaradotreeservice.com,6827127931,alvaradoeladio987@gmail.com,,,,,,5,35,,,,,,,,1,1,1,0,0,0,0,1,1,1,https://www.facebook.com/alvaradotreeservice/,,,,,"Tree service",google,1,0,0,95546295
,"AB Tree Service","Fort Worth, TX 76118",https://abtreeservicestx.com,8173868074,,,,,,,,,,,,,17,2,,1,1,0,0,0,0,0,1,1,1,http://www.facebook.com/AB-Tree-Service-1710656432510775,https://twitter.com/ABTreeService1,http://www.linkedin.com/shareArticle?mini=true&url=https%3A%2F%2Fabtreeservicestx.com&title=AB%20Tree%20Service,,,"Tree Service",yellowpages,1,0,0,95543511
,"A & D LAWN AND TREE SERVICE","1114 Harvard St, Fort Worth, TX 76114 · ~42.1 mi",https://a-d-lawn-and-tree-service.business.site/,8178777408,kevindickens1974@gmail.com,,,,,,5,2,,,,,16,2,,1,0,0,0,0,0,0,1,1,0,,,,,,"Tree services",bing,1,0,0,95544390
,"Zink Services","440 Hwy N 377 Argyle, TX 76226",http://www.zinkservices.com,4697810015,,,,,,,,,5,1,,,,,,0,0,0,0,0,0,0,0,1,0,,,,,,"Lawn Services,Tree Services,Fences & Gates",yelp,1,0,0,95546707
,"Wise Tree Care","1600 Airport Fwy, Bedford, TX 76022",http://wisetreecare.com,8173188733,contact@wisetreecare.com,,,,,,4.9,136,,,5,5,,,44,1,1,0,0,0,0,0,1,1,1,https://www.facebook.com/pages/Wise-Tree-Care/544274192340165,,,,,,google,1,0,0,8675270
,"KNI Landscaping & Fences","Fort Worth, TX 76244",http://www.wedofences.com,2143096500,,,,,,,,,3.5,36,,,,,,1,0,0,0,0,0,0,1,0,0,,,,,,"Landscaping,Fences & Gates,Decks & Railing",yelp,1,0,0,92297564
,"Unchained Tree Services & Firewood","305 Mansfield Cardinal Rd, Kennedale, TX 76060",http://unchainedtreeservices.com,8179258138,unchainedtreeservicesllc@gmail.com,,,,,,5,134,,,,,,,,1,1,0,0,0,0,0,1,1,1,https://www.facebook.com/profile.php?id=100090401900542,,,https://www.youtube.com/channel/UCRYMVlhpDHaB3S8a46dlXyw,,"Tree service",google,1,0,0,249262416
,"Ttm Tree Service & Lawn Maintenance","5301 Fm 1187, Crowley, TX 76036",http://www.ttmtreeandlawn.com,8172666384,,,,,,,,,,,,,,,,1,1,0,0,0,0,0,1,1,1,https://www.facebook.com/login/?next=https%3A%2F%2Fwww.facebook.com%2Fpages%2Fcategory%2FLandscape-Company%2FTTM-Tree-Service-Lawn-Maintenance-615741001836094%2F,,,,,"Tree Service,Landscape Designers & Consultants,Landscaping & Lawn Services",yellowpages,1,0,0,557298590
New,"Trunks Tree Care","12650 N Beach St Ste. 114 #68, Keller, TX 76244",http://trunkstreecarellc.com,8179911896,,,,,,,5,105,,,,,,,,1,1,0,0,0,0,0,1,1,0,,,,,https://instagram.com/trunkstreecarellc,"Tree service",google,1,0,0,557934107
,"True Tree Masters","Mansfield, TX 76063",http://www.true-treemasters.com,8178968523,truetreemasters@gmail.com,,,,,,5,10,5,3,,,,,,1,1,0,0,0,0,0,1,1,0,,,,,,"Tree Services",yelp,1,0,0,95547332
,"Tree service Juan Ramirez","2716 Halbert St, Fort Worth, TX 76112",http://treeservicejuanramirez.com,8179688365,treeservicejuanramirezr@gmail.com,,,,,,5,28,,,,,,,,1,1,0,0,0,0,0,1,1,1,https://facebook.com/https://www.facebook.com/profile.php?id=100078293585813&mibextid=LQQJ4d,,,,https://instagram.com/treeservicejr?igshid=YmMyMTA2M2Y=,,google,0,0,0,95546113
,"Chop Chop Tree","7315 Commercial Blvd E, Arlington, TX 76001",http://www.treeserviceinarlingtontx.com,8173108886,,,,,,,,,,,,,,,,1,1,0,0,0,0,0,1,1,0,https://www.facebook.com/ChopChopTreeArlington,https://twitter.com/Tree_Arlington,,,,"Tree Service",yellowpages,1,0,0,380440771
,"Henry’s Tree Service of Arlington","704 E Timberview Ln, Arlington, TX 76014",http://www.treeservicearlington.org,8174022820,,,,,,,,,5,1,,,,,,0,0,0,0,0,0,0,1,1,0,,,,,,"Tree Services",yelp,1,0,0,95547721
,"Henry’s Tree Service of Fort Worth","1000 Henderson St Ste 101 Fort Worth, TX 76102",http://www.treeservice-fortworth.com,8175000355,0dde8d8760ef43fdb9bed143c096a9ad.protect@withheldforprivacy.com,,,,,,,,,,,,,,,1,1,0,0,0,0,0,0,1,1,https://www.facebook.com/HenrysTreeServiceFortWorth/,,,,,"Tree Services",yelp,1,0,0,95546141
,"Tree Service Burleson","913 Grant St, Burleson, TX 76028",http://www.treeservice-burleson.com,8172007672,treeserviceburleson@gmail.com,,,,,,4.6,9,,,,,,,,1,1,0,0,0,0,0,1,1,1,https://www.facebook.com/treeserviceburlesontx/,https://twitter.com/burlesontrees,,,,"Tree Service",yellowpages,1,0,0,95543207
,"Tree Removal Fort Worth","Fort Worth, TX 76109",http://www.treeremoval-fortworth.com,8174846763,,,,,,,,,,,,,,,,1,1,0,0,0,0,0,1,0,1,,,,,,"Tree Services",yelp,1,0,0,95546628
,"Treehugger Tree Service","1823 W Division St, Arlington, TX 76012",http://treehuggertexas.com,8176818747,office@treehuggertexas.com,,,,,,4.8,86,,,,,,,,1,1,0,0,0,0,0,0,1,0,,,,,,"Tree service",google,1,0,0,4227135
,"Tree Care Pros","6421 Camp Bowie Blvd, Fort Worth, TX 76116",http://www.treecare-pros.net,8174022055,treecareprosdfw@gmail.com,,,,,,,,,,,,,,,1,1,0,0,0,0,0,1,1,1,https://www.facebook.com/treecarepros/,https://twitter.com/TreeCareProsTX,,,,"Tree Service",yellowpages,1,0,0,95543255
,"Cowtown Tree & Land","717 Paint Pony Trl N Fort Worth, TX 76108",http://www.tree-stump-firewood.com,8178127366,,,,,,,,,4.3,6,,,,,,0,0,0,0,0,0,0,1,1,0,,,,,,"Tree Services,Landscaping,Firewood",yelp,1,0,0,95544406
,"Tree Smith: Pro Tree Care","Sanger, TX 76266",http://www.thetreesmith.net,8172476648,ben@thetreesmith.net,,,,,,,,5,2,,,,,300,1,0,0,0,0,0,0,0,1,0,https://www.facebook.com/TreeSmithProArbor/,,,,,"Tree Services",yelp,1,0,0,95532151
,"Texan Outdoor Services","7308 Market Ct, North Richland Hills, TX 76182",http://www.texanoutdoorservices.com,8172282898,coreydodd@att.net,,,,,,5,14,,,,,,,,0,0,0,0,0,0,0,1,1,0,,,,,,"Tree Service,Lawn Maintenance,Landscaping & Lawn Services",yellowpages,1,0,0,108329765
,"Tenorio Tree Service","6545 Cliffside Dr, Richland, TX 76134",http://www.tenoriotreeservice.com,5122287892,miketenorio2003@yahoo.com,,,,,,4.9,14,5,6,,,178,,185,1,1,0,0,0,0,0,0,1,0,https://www.facebook.com/Tenorio-Tree-Service-757723444397319,,,,,"Tree Services,Landscaping",yelp,1,0,0,95546772
,"Superior Tree and Landscape","Fort Worth, TX 76133",http://www.superiortreeandlandscape.com,8173205317,,,,,,,,,3,2,,,,,,0,0,0,0,0,0,0,0,0,0,,,,,,"Tree Services,Landscaping,Landscape Architects or Designers",yelp,1,0,0,92302378
,"Scallion Landscaping","River Oaks, TX 76114",http://www.scallionlandscaping.com,6822888132,,,,,,,4.3,6,,,,,,,,0,0,0,0,0,0,0,0,1,0,,,,,,"Landscaping,Tree Services",yelp,1,0,0,95546968
,"Sambrano’s Lawn Service","3209 Cheryl Ln, Haltom , TX 76117",http://www.sambranoslawnservices.com,8177308328,,,,,,,,,5,1,,,,,,1,0,0,0,0,0,0,0,0,0,,,,,,"Landscaping,Tree Services,Pressure Washers",yelp,1,0,0,92300755
,"Ron Phillips Professional Tree Service","812 E Park Row Dr, Arlington, TX 76010",http://www.ronphillipslandscaping.com,8172652027,longbow1768@yahoo.com,,,,,,,,,,,,71,,79,1,0,0,1,0,0,0,1,0,1,https://www.facebook.com/RonPhillipsLandscaping/,,,,,"Tree Service,Landscape Contractors,Pest Control Services",yellowpages,1,0,0,108329374
,"Rocking Six P Services","Clifton, TX 76634",http://www.rocking6pservices.com,2546524586,johnprice@rocking6pservices.com,,,,,,,,,,,,,,,0,0,0,0,0,0,0,0,1,0,,,,,,"Tree Services,Fences & Gates,Excavation Services",yelp,1,0,0,95531336
,"Reliable Stump Removal","Serving theFort Worth Area",http://www.reliabletreeremoval.com/?matchtype=XNPLL&amp;network=yp&amp;keyword=stump+removal+grinding&amp;source=193-17-11,8443459299,,,,,,,,,,,,,,,,0,1,1,0,0,0,0,1,1,0,,,,,,"Stump Removal &amp; Grinding",yellowpages,1,0,0,95543872
,"Red’s Commercial Services","1404 Hidden Oaks Cir, Corinth, TX 76210",http://www.redscs.org,9403670404,,,,,,,,,5,1,,,,,,1,0,0,0,0,0,0,1,1,1,,,,,,"Lawn Services,Junk Removal & Hauling,Tree Services",yelp,1,0,0,95531777
,"R&amp;A Lawn &amp; Tree Service","3169 Horton Rd, Forest Hill, TX 76119",http://www.ralawntree.com,8176530488,,,,,,,5,3,,,,,,,,0,0,0,1,0,0,0,0,1,0,,,,,,"Tree Service",yellowpages,1,0,0,8521401
,"Qualitiscape Services","2520 W Waggoman St Fort Worth, TX 76110",http://www.qsslawn.com,8179235296,,,,,,,4.5,111,5,1,,,,,,0,0,0,0,0,0,0,0,1,0,,,,,,"Landscaping,Tree Services,Irrigation",yelp,1,0,0,95547823
,"Preferred Lawn Care","Watauga, TX 76148",http://www.plcscapes.com,6825531630,lemonad@jovanny.ru,,,,,,4.4,7,5,5,,,,,,1,1,0,0,0,0,0,1,1,0,,,,,,"Lawn Services,Tree Services,Holiday Decorating Services",yelp,1,0,0,92294483
,"Total Unique Tree Service","Plano, TX 75074",http://www.planotreetrimmer.com,4693967497,,,,,,,,,3.9,34,,,,,,0,0,0,0,0,0,0,0,0,0,,,,,,"Tree Services",yelp,1,0,0,95530520
,"Phillip's Landscape Management Inc","7071 Anderson Blvd, Fort Worth, TX 76120",http://www.phillipslandscapedfw.com,8174464777,,,,,,,3,5,,,,,,,,0,0,0,0,0,0,0,0,0,0,,,,,,"Tree Service,Landscaping Equipment & Supplies,Irrigation Consultants",yellowpages,1,0,0,108324288
,"Morris Tree Service","4236 Valentine St, Fort Worth, TX 76107 · ~41.9 mi",http://www.mtreeservice.com/,8177321946,mtreeservice@gmail.com,,,,,,5,4,,,,,,,,0,0,0,0,0,0,0,1,0,0,,,,,,"Tree services",bing,1,0,0,95543531
,"Molina Tree Service","125 Worthy St, Saginaw, TX 76179",http://www.molinatreeservice.com,8172479199,molinatreeserv0224@gmail.com,,,,,,4,3,,,,,,,,0,0,0,0,0,0,0,1,1,0,,,,,,"Tree Service",yellowpages,1,0,0,8521411
,"Lone Star Tree Service & Landscaping","May St, Fort Worth, TX 76110",http://www.lonestartreeslandscaping.com/,8177690450,rubio651@yahoo.com,,,,,,5,26,,,,,,,,1,1,0,0,0,0,0,0,1,0,https://www.facebook.com/profile.php?id=100090700309002&amp,,,,,"Tree service in Fort Worth, Texas",google-places,1,0,0,380446185
,"Lee’s Lawn & Garden","Fort Worth, TX 76133",http://www.leeslawnservices.com/,8179394822,info@leeslawnservices.com,,,,,,4.4,14,4.5,21,,,1990,161,1900,1,1,0,0,0,0,0,1,1,0,https://www.facebook.com/leeslawnservices,https://twitter.com/leelawnservice,,,,"Landscaping,Irrigation,Pest Control",yelp,1,0,0,92295141
,"Leatherface Tree Service","6117 Summer Creek Cir Dallas, TX 75231",http://www.leatherfacetreeservice.com,2143048084,,,,,,,,,5,9,,,,,,0,0,0,0,0,0,0,0,0,0,,,https://www.linkedin.com/company/leatherface-tree-service,,,"Tree Services",yelp,1,0,0,95545648
,"Lawn Doctor of Keller-Southlake-NW Fort Worth","4270 Keller Hicks Rd, Fort Worth, TX 76244",http://www.lawndoctor.com/keller-tx,8175771405,customerservice@lawndoctor.com,,,,,,,,,,,,133,,141,1,1,1,0,0,0,0,1,1,1,https://www.facebook.com/Lawn-Doctor-of-NW-Fort-WorthKellerSouthlakeHaltom-City-987521254663742/,https://twitter.com/LawnDoctor,https://www.linkedin.com/company/lawn-doctor-of-massachusetts,https://www.youtube.com/user/LawnDoctor,http://www.instagram.com/lawndoctorinc,"Tree Service,Lawn Maintenance,Landscaping & Lawn Services",yellowpages,1,0,0,108329163
,"L & T Landscaping","Irving, TX 75061",http://www.landtservice.com,9722539019,info@landtservice.com,,,,,,3.9,12,4.9,8,,,,,,1,1,0,0,0,0,0,1,1,0,https://www.facebook.com/pages/L-T-Landscaping-Tree-Service/439721909389734,,,,,"Tree Services,Landscaping",yelp,1,0,0,92295660
,"Lawn & Landscape Management","3206 Main St, Ste 102 Rowlett, TX 75088",http://www.landscapemngt.com,9724127860,schedules@landscapemngt.com,,,,,,,,1,1,,,182,2,273,1,1,0,0,0,0,0,1,1,1,https://www.facebook.com/Lawn-Landscape-Management-204437262900921,,,,,Landscaping,yelp,1,0,0,95547248
,"Alexander Landscape","7709 Davis Blvd, North Richland Hills, TX 76182",http://www.landscapeinc.com,8176565020,,,,,,,4.5,13,,,,,,,,0,0,0,0,0,0,0,0,1,0,,,,,,"Landscape Contractors,Landscaping &amp; Lawn Services,Tree Service",yellowpages,1,0,0,92309726
,"Kingdom Tree Care","Fort Worth, TX 76134",http://www.kingdomtreecare.com,6825563703,info@capitalfund-hk.com,,,,,,,,5,9,,,,,,1,1,0,0,0,0,0,1,1,1,https://www.facebook.com/tr?id=2486384808115272&ev=PageView&noscript=1&cd%5Bpage_title%5D=Homepage&cd%5Bpost_type%5D=page&cd%5Bpost_id%5D=7&cd%5Bplugin%5D=PixelYourSite&cd%5Buser_role%5D=guest&cd%5Bevent_url%5D=kingdomtreecare.com%2F,,,,,"Tree Services",yelp,1,0,0,95532325
,"Jim's Tree Service","Serving theFort Worth Area",http://www.jimstreeservice.net,8179261956,jimthetreeman1@gmail.com,,,,,,,,,,,,,,,1,1,1,0,0,0,0,0,1,0,,,,,,"Tree Service",yellowpages,1,0,0,380440502
,"Integrity Tree Care","7701 Wagnon St, Fort Worth, TX 76108",http://www.integritytreecare.org/,8177141777,,,,,,,5,22,,,,,,,,1,1,0,0,0,0,0,1,1,1,facebook.net/en_US/sdk.js#xfbml=1&version=v2.0,https://twitter.com/integritytreetx,https://www.linkedin.com/company/integrity-tree-care,https://www.youtube.com/channel/UCmlkRkr57GoqGgq9xys9tkw,https://instagram.com/integritytreecare/,"Tree service",google-places,1,0,0,8521600
,"Rock Around Tree Service","5033 Jerri Ln, Haltom City, TX 76117",http://www.homeadvisor.com/rated.RockAroundTreeSer,8175645445,lroybal@homeadvisor.com,,,,,,5,10,,,,,,,,0,0,0,0,0,0,0,1,1,0,,,https://www.linkedin.com/company/c-c-usa,,,"Tree Service",yellowpages,1,0,0,95543623
,"Hartin Tree Service","1428 Eastview Dr, Weatherford, TX 76086",http://www.hartin-treeservice.com,8175975642,rickywhowell1016@gmail.com,,,,,,4.5,31,5,9,,,,,1100,1,1,0,0,0,0,0,0,1,0,https://facebook.com/HartintreeserviceRicky/,,,,,"Tree Services",yelp,1,0,0,95544740
,"HandCrafted Landscape Maintenance","Fort Worth, TX 76244",http://www.handcraftedlm.com,2066510952,,,,,,,,,5,3,,,,,,0,0,0,0,0,0,0,0,0,0,,,,,,"Landscaping,Tree Services,Gutter Services",yelp,1,0,0,92296975
,"Hallmark Tree Solutions","2508 White Oak Ln Arlington, TX 76012",http://www.hallmarktree.com,8175636604,hallmarktree@hotmail.com,,,,,,4.4,84,3.6,10,,,,,,0,0,0,0,0,0,0,1,1,0,,,,,,"Tree Services",yelp,1,0,0,95545657
,"Golden Tree Maintenance","1080 E Hwy 121 Lewisville, TX 75057",http://www.goldentreemaintenance.com,9724161799,goldentree@live.com,,,,,,4.7,281,4.6,42,4.8,110,470,55,,1,1,0,0,0,0,0,1,0,1,https://www.facebook.com/Golden-Tree-Maintenance-220333038014649/,,,,,"Tree Services",yelp,1,0,0,95546632
,"Four Seasons Arbor Care","9140 Tyne Trail, Fort Worth, TX 76118",http://www.fourseasonsarborcare.com/,8173431903,n@fourseasonsarborcare.com,,,,,,4.3,6,,,,,101,3,102,1,1,0,0,0,0,0,1,1,0,https://www.facebook.com/fourseasonsarbor,,,,,"Tree service in Fort Worth, Texas",google-places,1,0,0,8522194
,"Fossil Creek Tree Farm & Nursery","7744 Blue Mound Rd Fort Worth, TX 76131",http://www.fossilcreektreefarm.com,8173067111,info@fossilcreektreefarm.com,,,,,,4.7,226,4.7,51,,,,,,0,0,0,0,0,0,0,1,1,0,,,,,,"Landscaping,Nurseries & Gardening,Christmas Trees",yelp,1,0,0,95547638
,"Forty Knots Tree and Landscaping","Fort Worth, TX 76110",http://www.fortyknotslandscaping.com,6829994878,service@fortyknotslandscaping.com,,,,,,5,2,5,1,,,,,,1,1,0,0,0,0,0,1,1,1,,,,,,"Tree Services,Lawn Services,Irrigation",yelp,1,0,0,92297345
,"Fort Worth Tree Surgeons","Joshua, TX 76058",http://www.fortworthtreesurgeons.com,8177139501,,,,,,,,,5,1,,,,,,0,0,0,0,0,0,0,0,0,0,,,,,,"Tree Services",yelp,1,0,0,95530836
,"Five Star Tree Service","4301 Deering Dr, Fort Worth, TX 76114",http://www.fortworthtreecare.com,8177277839,,,,,,,5,17,,,,,,,,1,1,0,0,0,0,0,1,0,0,http://www.facebook.com/2008/fbml,,,,,"Tree Service,Stump Removal & Grinding",yellowpages,1,0,0,331522869
,"Family Tree Service","1531 S State Hwy 121 Lewisville, TX 75067",http://www.FamilyTreeServiceDFW.com,2147796776,familytservice@yahoo.com,,,,,,4.9,95,5,18,5,7,162,2,,1,1,0,0,0,0,0,0,1,0,https://www.facebook.com/FamilyTreeServiceDFW/,https://www.twitter.com/FamilyTree75057,,,https://www.instagram.com/familytreeservicelewisville/,"Tree Services",yelp,1,0,0,95547637
,"D R Horton Tree Service","7218 Bloxom Park Rd, Kennedale, TX 76060",http://www.drhorton.com,8175617800,privacymanager@drhorton.com,,,,,,,,,,,,104101,115,147000,1,1,1,1,0,0,0,0,1,0,https://www.facebook.com/DRHorton.Homes,,https://www.linkedin.com/company/dr-horton/,,https://www.instagram.com/drhorton/,"Tree Service",yellowpages,1,0,0,331525165
,"DFW Flores Tree Service llc","6376 Geneva Ln, Fort Worth, TX 76131",http://dfwflorestreeservicellc.com,8173239853,dfwfloreslandscape@gmail.com,,,,,,5,250,,,,,,,,1,1,0,0,0,0,0,0,1,0,https://www.facebook.com/profile.php?id=100036848066005,,,,,"Tree service",google,1,0,0,249261482
,"Daybreak Landscaping & Irrigation","3049 Waterfall Dr Fort Worth, TX 76177",http://www.daybreaklandscaping.com,9726704333,dawn@daybreaklandscaping.com,,,,,,5,6,4.3,22,,,,,,1,1,0,0,0,0,0,1,1,1,https://www.facebook.com/DaybreakLandscapingFencesNmore,,,,,"Landscaping,Irrigation,Fences & Gates",yelp,1,0,0,92294472
,"Dan's Tree Service Green Bay Inc","12201 Mitchell Dr, Alvarado, TX 76009",http://www.danstreeservicegreenbayinc.com,9203733876,,,,,,,,,,,,,,,,0,0,0,0,0,0,0,0,1,0,,,,,,"Tree Service",yellowpages,1,0,0,95544051
,"Cut Tree Service","3245 Townsend Dr, Fort Worth, TX 76110",http://www.cuttreeservice.com,6824638907,,,,,,,,,,,,,,,,0,1,0,0,0,0,0,0,0,0,,,,,,"Landscaping,Tree Services",yelp,1,0,0,95547634
,"City Wide Tree Service","North Richland Hills, TX 76182",http://www.citywidetreeservices.com,6824010484,citywidetree@gmail.com,,,,,,5,5,5,1,,,,,,1,0,0,0,0,0,0,1,1,1,,,,,,"Tree Services",yelp,0,0,0,95547251
,"Burleson Tree Service","1641 Houston Rd, Burleson, TX 76028",http://www.burlesontreeservices.com,8179229151,hello@burlesontreeservices.com,,,,,,,,,,,,,,,1,0,0,0,0,0,0,1,1,1,https://www.facebook.com/BurlesonTreeService/,,,,https://www.instagram.com/burlesontreesvc/,"Tree Service,Stump Removal & Grinding",yellowpages,1,0,0,331523203
,"Brothers Tree Service & Landscaping","Arlington, TX 76014",http://www.BrothersTreeServiceInc.com,8178454766,brotherstreeservice.hernandez@gmail.com,,,,,,5,12,5,1,,,,,,0,0,0,0,0,0,0,1,1,0,,,,,,"Tree Services,Landscaping,Landscape Architects or Designers",yelp,1,0,0,95547530
,"High Reach Tree Service","306 Capricorn Dr Granbury, TX 76049",http://www.bojackshighreachtreeservice.com,8177811554,theonlybojack@yahoo.com,,,,,,4.9,23,5,8,,,,,,1,1,0,0,0,0,0,1,1,0,https://www.facebook.com/High-Reach-Tree-Service-216856649073033/,,,,,"Tree Services",yelp,1,0,0,95546145
,"Bob's Tree Service","328 Goldfinch Dr, Fort Worth, TX 76108",http://wegooutonalimb.com,8172464221,bobstreeservice4221@outlook.com,,,,,,3,4,,,,,,,,1,1,0,0,0,0,0,1,1,1,https://www.facebook.com/pages/Bobs-Tree-Service/115646015161366,,,,,"Tree service",google,1,0,0,8522969
,"B &amp; M Tree Trimming Service","1823 Keller Pkwy, Keller, TX 76248",http://www.bmtreetrim.com,9728804413,,,,,,,,,,,,,,,,0,0,0,0,0,0,0,0,1,0,,,,,,"Tree Service",yellowpages,1,0,0,95544047
,"Blue Ribbon Tree Services-Fort Worth","5400 Parker Henderson Rd Lot 276, Fort Worth, TX 76119",http://www.blueribbontreeservices.com/fort-worth-texas,8177524041,,,,,,,,,,,,,,,,0,0,0,0,0,0,0,0,0,0,,,,,,"Tree Service",yellowpages,1,0,0,95543249
,"Aurelio’s Lawn & Tree Service","6023 Wichita St. Forest Hill, TX 76119",http://www.aureliostreesvc.com,8172712614,,,,,,,,,,,,,,,,0,0,0,0,0,0,0,0,0,0,,,,,,"Tree Services,Landscaping",yelp,0,0,0,95547636
,"Archie's Gardenland","6700 Camp Bowie Blvd, Fort Worth, TX 76116",http://www.archiesgardenland.com,8177376614,archiesgardenland@gmail.com,,,,,,4.7,326,,,,,,,,1,0,0,0,0,0,0,0,1,0,,,,,,"Landscape Contractors,Nurseries-Plants & Trees,Tree Service",yellowpages,1,0,0,108324687
,"Arbor Masters Tree Service","1510 Jelmak St Grand Prairie, TX 75050",http://www.arbormasters.com,4695865829,cgilliland@arbormasters.com,,,,,,,,4.7,9,,,,,,1,1,1,0,0,0,0,1,1,1,https://www.facebook.com/ArborMasters/,,https://www.linkedin.com/company/arbor-masters-tree-&-landscape,https://www.youtube.com/user/ArborMasters,https://www.instagram.com/arbor_masters/,"Tree Services",yelp,1,0,0,95529785
,"Arborilogical Services","16 Steel Rd Wylie, TX 75098",http://www.arborilogical.com,9724421524,info@arborilogical.com,,,,,,4.6,110,4.2,37,4.9,21,,,,1,1,1,0,0,0,0,0,1,0,https://www.facebook.com/arborilogical,,https://www.linkedin.com/company/arborilogical-services-inc-/about/,https://www.youtube.com/channel/UCYXmhx_C5Y07vWyGDXTxjjQ,,"Tree Services",yelp,1,0,0,95545631
,"Affordable Tree Care","13904 Josey Ln Ste 810305 Dallas, TX 75381",http://www.AffordableTreeCare.org,2144983572,,,,,,,,,4.3,20,,,,,,0,0,0,0,0,0,0,0,0,0,,,,,,"Tree Services",yelp,1,0,0,95529186
,"Acadia Tree Care","Richardson, TX 75083",http://www.acadiatreecare.com,4697400391,info@acadiatreecare.com,,,,,,,,4.6,20,,,97,,120,1,1,0,0,0,0,0,1,1,1,https://www.facebook.com/AcadiaTreeCare,,,,https://www.instagram.com/acadiatreecare/,"Tree Services",yelp,1,0,0,95529016
,"1-2 Tree","1920 Arrow Wood Flower Mound, TX 75028",http://www.12tree.com,9729899332,contact@12tree.com,,,,,,4.8,82,4.4,21,4.9,88,722,7,,1,1,0,0,0,0,0,1,1,1,https://www.facebook.com/12treellc?fref=ts,https://twitter.com/1_2Tree,,,,"Tree Services",yelp,1,0,0,95545652
,"White Settlement Tree Service",,http://whitesettlementtreeservice.com,8179044833,2b11cd9abf2b4bcc9651aa555a8cdbd8.protect@withheldforprivacy.com,,,,,,4.3,6,,,,,,,,0,0,0,0,0,0,0,0,1,0,,,,,,"Tree service",google,1,0,0,8522836
,"West Texas Tree Services LLC","5105 Benbrook Blvd s, Fort Worth, TX 76126",http://westtexastreeservices.com,8175541752,,,,,,,4.5,25,,,,,,,,1,0,0,0,0,0,0,0,1,0,,,,,,"Tree service",google,1,0,0,8522678
,"Veterans Tree Service","Arlington, TX 76016",http://veteranstreeservice.us,8177135272,desmadrositeinixo@gmail.com,,,,,,,,3.4,9,4.2,7,,,,1,1,0,0,0,0,0,1,1,1,https://www.facebook.com/Veterans-Tree-Service-103803241745776,"https://twitter.com/intent/tweet?url=https://veteranstreeservice.us/get-the-best-tree-services-in-arlington-texas/&text=Get the Best Tree Services in Arlington, Texas",https://www.linkedin.com/in/mike-mendez-81b49a152,https://www.youtube.com/watch?v=SF4aHwxHtZ0,,"Tree Services",yelp,0,0,0,95547727
,"USA Silver Tree",,http://usasilvertree.com,4699336076,contact@usasilvertree.com,,,,,,5,66,,,,,213,,229,1,1,0,0,0,0,0,1,1,0,https://www.facebook.com/usasilvertree/,,,https://www.youtube.com/channel/UCRG5XmqWRxyhJPU7f5NQ6Fg/videos,https://www.instagram.com/usasilvertree/,"Tree service",google,1,0,0,34828959
,"Ultimate Tree Service","Garland, TX 75040",http://ultimatetreesvcs.com,9728157832,,,,,,,,,5,3,,,,,,0,0,0,0,0,0,0,0,0,0,,,,,,"Tree Services,Lawn Services",yelp,1,0,0,95530524
,"Trinity Tree Trimmers","5049 Edwards Ranch Rd, Fort Worth, TX 76109",http://trinitytreetrimmers.com,6827030990,info@trinitytreetrimmers.com,,,,,,5,7,,,,,,,,1,1,0,0,0,0,0,1,1,1,https://www.facebook.com/trinitytreetrimmers,,,,,"Tree service",google,1,0,0,249263218
,Treeyoubetter,"Serving theFort Worth Area",http://treeyoubetter.com,8178847782,,,,,,,,,,,,,,,,0,0,0,0,0,0,0,0,0,0,,,,,,"Tree Service",yellowpages,1,0,0,95543901
,"Keller Tree Service & Stump Grinding",,http://treeservicekellertx.com,8174067313,treeservicekellertx@gmail.com,,,,,,5,15,,,,,,,196,1,1,0,0,0,0,0,1,1,1,https://www.facebook.com/TreeServiceKellerTx,,,,,,google,1,0,0,95549094
,"Rogel Tree Services","Haltom City, TX 76117",http://treeservicehaltomcitytx.com,8177067157,,,,,,,,,,,,,,,,1,1,0,0,0,0,0,1,1,1,,,,,,"Tree Services",yelp,1,0,0,95547821
,"R & J Stump Removal","Arlington, TX 76011",http://treeservicecompanyarlington.net,8173198608,,,,,,,,,5,4,,,,,,0,0,0,0,0,0,0,0,0,0,,,,,,"Tree Services",yelp,1,0,0,95529600
,"Green Tree Service Of Fort Worth","3112 Prairie Ave, Fort Worth, Tx 76106 · ~39.5 mi",http://treelawncareservices.us/Fort-Worth,2543244347,info@treelawncareservices.us,,,,,,,,,,,,,,,1,1,0,0,0,0,0,1,1,1,,,,,,"Tree services",bing,1,0,0,95544205
,"TREEHOUSE Academy","8001 Matlock Rd, Arlington, TX 76002",http://treehouseacademy.org,8174178955,rowlett@treehouseacademy.org,,,,,,4.2,48,,,,,253,80,253,1,1,1,1,0,0,0,1,1,1,https://www.facebook.com/TreeHouseKaty/,https://twitter.com/treehouse_clc,https://linkedin.com,,https://instagram.com/treehouseacademyllc?igshid=OGQ5ZDc2ODk2ZA==,"Tree Service",yellowpages,1,0,0,95544021
,"Tree Service Guys",,http://tree-service-guys.com,8173806586,info@tree-service-guys.com,,,,,,5,14,,,,,,,,1,1,0,0,0,0,0,1,1,0,https://www.facebook.com/people/Tree-Service-Guys/100068121572746/,https://twitter.com/_tree_services,https://www.linkedin.com/in/tree-service-guys/,https://www.youtube.com/channel/UCw3CsWP3Db3APTw4FBNkgIw/about,https://www.instagram.com/tree_service_guys/,"Tree service",google,1,0,0,8522089
,"TJ Lawn & Tree","219 Cedar Crest Dr Justin, TX 76247",http://tjlawnandtree.com,9036476274,tjameslawncare85@gmail.com,,,,,,,,5,1,,,,,,1,0,1,0,0,0,0,1,1,1,,,,,,"Lawn Services,Tree Services",yelp,1,0,0,95530686
,"The S&L Good Fellas LLC",,http://theslgf.com,4693402030,theslgoodfellasllc@gmail.com,,,,,,5,63,,,,,492,3,530,1,1,0,0,0,0,0,1,1,0,https://www.facebook.com/thesandlgoodfellasllc,https://twitter.com/githubstatus,,,,"Tree service",google,1,0,0,514818246
,"The Home Tree Pro",,http://thehometreepro.com,8175057827,,,,,,,5,13,,,,,,,,0,0,0,0,0,0,0,0,1,0,,,,,,"Tree service",google,1,0,0,95549605
,"That Guy’s Tree Service","Alvarado, TX 76009",http://thatguystreeservice.com,2145579930,thatguystreeservice1985@gmail.com,,,,,,,,5,2,,,,,,1,1,0,0,0,0,0,1,1,0,https://www.facebook.com/thatguystreeservice/about/,,,https://www.youtube.com/watch?v=b9UAMuB-qvA,,"Tree Services",yelp,1,0,0,95530676
,"Tactical Tree Operations","1240 Parkwood Pl, Irving, TX 75060",http://tacticaltreeoperations.com,4695448388,tacticaltreeoperations@gmail.com,,,,,,5,172,,,,,,,,1,0,0,0,0,0,0,1,1,1,,,,,,"Tree service",google,1,0,0,95542296
,"Two Brothers Tree Service","Fort Worth, TX 76106",http://stumpgrindingfortworth.com,8173491298,,,,,,,4.4,5,5,1,,,,,,0,0,0,0,0,0,0,0,0,0,,,,,,"Tree Services",yelp,1,0,0,95546914
,Stumped,"1337 Village Garden Dr, Azle, TX 76020",http://stumped.biz,8662095774,,,,,,,,,,,,,,,,0,0,0,0,0,0,0,0,0,0,,,,,,"Tree Service",yellowpages,1,0,0,95543218
,"Spsd Inc","1108 107th St, Arlington, TX 76011",http://spsd.com,8176407962,info@spsd.com,,,,,,,,,,,,,,,1,0,0,0,0,0,0,1,1,1,https://www.facebook.com/SPSDTX/,,https://www.linkedin.com/company/site-planning-site-development/,,https://www.instagram.com/spsdinc,"Tree Service,Landscape Designers & Consultants",yellowpages,1,0,0,109842360
,"Southlake Tree Service Company",,http://southlaketreeservicecompany.com,8179347204,c4f304de1be541959f86560dc1ce278a.protect@withheldforprivacy.com,,,,,,5,5,,,,,,,,0,0,0,0,0,0,0,0,1,0,,,,,,"Tree service",google,1,0,0,8522727
,"Southern Clean","Garland, TX 75040",http://Southernclean.net,2145793126,southernclean.net@wix-domains.com,,,,,,,,4.5,4,,,,,,1,1,0,0,0,0,0,1,1,0,,,,,,"Tree Services,Landscaping,Fences & Gates",yelp,1,0,0,92313393
,"Southern Charm Tree Care",,http://southerncharmtree.com,8179003359,,,,,,,5,58,,,,,,,,1,1,0,0,0,0,0,1,1,1,https://www.facebook.com/southerncharmtree,,,,,"Tree service",google,1,0,0,95545819
,"Sion Tree Service","7637 Scarlet View Trail, Fort Worth, TX 76131",http://siontreeservice.com,8178126056,evntreecutterservice1@gmail.com,,,,,,5,107,,,,,,,,0,1,0,0,0,0,0,1,1,0,,,//linkedin.com/in/edgar-rios-ab88221a7/,,,"Tree service",google,1,0,0,95544510
,"Rock Solid Landscape & Irrigation Solutions","581 Dowdy Rd, McKinney, TX 75069",http://rocksolidlandscapesolutions.com,2143566686,rocksolidlandscapesolutions@gmail.com,,,,,,,,4.6,10,,,,,,1,0,0,0,0,0,0,1,1,0,,,,,,"Irrigation,Landscaping,Landscape Architects or Designers",yelp,1,0,0,92296961
,"Reyna’s Tree's service",,http://reynaslawnservice.com,6822636205,,,,,,,4.5,8,,,,,,,,0,0,0,0,0,0,0,0,0,0,,,,,,,google,1,0,0,95549836
,"Vam's Tree Service","5613 Bonnie Dr, Watauga, TX 76148",http://removemytree.com,8177242123,,,,,,,,,,,,,,,,1,1,0,0,0,0,0,1,1,0,,,,,,"Tree Service,Landscape Designers & Consultants,Stump Removal & Grinding",yellowpages,1,0,0,108329031
,"Quality Cut Tree Service",,http://qualitycuttreetx.com,8178885585,,,,,,,5,76,,,,,,,,1,1,0,0,0,0,0,1,1,0,,,,,,"Tree service",google,1,0,0,416496850
New,"Qualitiscape Services, Inc.","2520 W Waggoman St, Fort Worth, TX 76110",http://qsslawn.com/,8179230653,info@qsslawn.com,,,,,,4.5,111,,,,,,,,1,1,0,0,0,0,0,1,1,0,https://www.facebook.com/qualitiscapeservices,,http://linkedin.com/company/qualitiscape-services-inc.,,http://instagram.com/qualitiscapeservices,"Tree service in Fort Worth, Texas",google-places,1,0,0,557936608
,"Prichard Tree Care",,http://prichardtreecare.com,8172848307,sharon@prichardtreecare.com,,,,,,5,18,,,,,320,,,1,1,0,0,0,0,0,1,1,1,https://www.facebook.com/prichardtreecare,https://twitter.com/care_prichard,https://www.linkedin.com/company/prichard-tree-service/about/,,,"Tree service",google,1,0,0,4226380
,"Rj Cutter Tree Care","7728 Harmony Dr, Fort Worth, TX 76133",http://porch.com/fort-worth-tx/tree-contractors/rj-cutter-tree-care-1/pp,8172949999,matt@porch.com,,,,,,,,,,,,,,,1,1,1,0,0,0,0,1,1,0,https://www.facebook.com/porch,https://twitter.com/porchdotcom,,http://www.youtube.com/user/onporch,,"Tree Service,Stump Removal &amp; Grinding",yellowpages,1,0,0,95544002
,"Olmos Tree Service",,http://olmostreeservice.com,8177016418,,,,,,,5,12,,,,,,,,0,0,0,0,0,0,0,1,1,0,,,,,,"Tree service",google,1,0,0,95549547
,"* BARDING TREE SERVICES *","3200 S University Dr, Fort Worth, TX 76109",http://northtarranttreecare.yolasite.com,6825538062,domain-admin@yola.com,,,,,,,,,,,,,,,0,0,0,0,0,0,0,0,1,0,,,,,,"Tree Service,Hotels,Restaurants",yellowpages,1,0,0,141730632
,"North Richland Hills Tree Service",,http://northrichlandhillstreeservice.com,8174207955,c9e35ed023dd4690bc7d4f45f6af95d0.protect@withheldforprivacy.com,,,,,,5,5,,,,,,,,0,0,0,0,0,0,0,0,1,0,,,,,,"Tree service",google,1,0,0,8522752
,"NEON Monkey Services","5041 David Strickland Rd Suite #106, Fort Worth, TX 76119",http://neonmonkeyservices.com,8003152374,info@neonmonkeyservices.com,,,,,,4.9,110,,,,,195,,177,1,1,0,0,0,0,0,1,1,0,https://www.facebook.com/NeonMonkeyServices,,,,https://www.instagram.com/neonmonkeyllc,,google,1,0,0,32694398
,"Mr. Turf Tree Services","244 Palomino Dr, Saginaw, TX 76179",http://mrturftreeservices.com/,8173053036,,,,,,,5,1,,,,,,,,1,0,0,0,0,0,0,0,1,0,,,,,,"Tree service in Saginaw, Texas",google-places,1,0,0,249744785
,"Monkey Tree and Stump","Watauga, TX 76148",http://monkeytreeandstump.com,6823473947,micah@micahrich.com,,,,,,4.9,53,5,2,,,,,,1,1,0,0,0,0,0,1,1,0,,,,,,"Tree Services",yelp,1,0,0,95547423
New,"Mission Tree Care","5105 Mosson Rd, Fort Worth, TX 76119",http://missiontreecare.com,8176374350,missiontreecare@gmail.com,,,,,,5,24,,,,,,,,1,0,0,0,0,0,0,1,1,1,,,,,,"Tree service",google,1,0,0,557932981
,"Lucky’sTree Service","Dallas, TX 75217",http://luckystreeservicetx.com,2149988716,roman@luckystreeservicetx.com,,,,,,,,4.8,19,,,,,,1,1,0,0,0,0,0,1,1,0,,,,,,"Tree Services,Firewood",yelp,1,0,0,95529590
,"Lopez’s Construction & Tree Services","Fort Worth, TX 76117",http://lopezsconstructiontreeservices.com,6822880230,,,,,,,,,1,1,,,,,,0,0,0,0,0,0,0,0,0,0,,,,,,"Tree Services,Masonry/Concrete,General Contractors",yelp,0,0,0,95547531
,"Living Tree Services","Dallas, TX 75249",http://livingtreeservices.com,4696299293,,,,,,,,,5,3,,,,,,0,0,0,0,0,0,0,0,0,0,,,,,,"Tree Services",yelp,1,0,0,95529205
,"Lion King Landscaper","Fort Worth, TX 76104",http://lionkinglandscaper.com,7867318323,,,,,,,5,9,4.5,2,,,,,,1,1,0,0,0,0,0,1,1,1,https://www.facebook.com/lionking.landscape?mibextid=LQQJ4d,,,,https://www.instagram.com/lionking.landscape/?hl=en,"Landscaping,Tree Services,Irrigation",yelp,1,0,0,92294510
,"Legacy Tree & Landscape Specialists",,http://legacytreetx.com,8174412276,legacytreetx@gmail.com,,,,,,5,10,,,,,,,,1,1,0,0,0,0,0,1,1,0,,,,,,"Arborist service",google,1,0,0,249267613
,"LaTour Tree Service",,http://latourtree.com,8172281012,office@latourtree.com,,,,,,5,193,,,,,157,,170,1,0,0,0,0,0,0,1,1,1,https://www.facebook.com/latourtreeservice/,,https://www.linkedin.com/company/latour-tree-service/,,,"Tree service",google,1,0,0,8674503
,"Landpride Lot Service","Richland Hills, TX 76118",http://landpridelotservice.com,2142931501,landpridelotservice@gmail.com,,,,,,5,58,5,1,,,,,,1,0,0,0,0,0,0,1,1,1,https://connect.facebook.net/en_US/sdk.js#xfbml=1&#038,,,,,"Landscaping,Tree Services,Excavation Services",yelp,1,0,0,92307405
,"Keller Tree Service Company",,http://kellertreeservicecompany.com,8178578211,5da5f3a2413942efb20b3fb8fdb404da.protect@withheldforprivacy.com,,,,,,5,5,,,,,,,,1,1,0,0,0,0,0,1,1,1,,,,,,"Tree service",google,1,0,0,8522830
,"Keith’s Tree Service","Carrollton, TX 75010",http://keithstreeservice.co,9724342867,,,,,,,,,1,1,,,,,,0,0,0,0,0,0,0,0,0,0,,,,,,"Tree Services",yelp,1,0,0,95531335
,"Jose’s Tree Service","Fort Worth, TX 76112",http://josetreeservice.biz,8177242180,josetreeservice.biz@hotmail.com,,,,,,,,2.5,11,,,,,,1,1,0,0,0,0,0,1,1,0,,,,,,"Tree Services",yelp,1,0,0,95547057
,"J&s Tree Service Inc","201 N Evans St Boyd, TX 76023",http://jandstreeservice.com/,9403999281,,,,,,,,,,,,,,,,0,0,0,0,0,0,0,1,1,0,,,,,,"Tree Services",yelp,1,0,0,95547417
,"Island Stone & Ironworks","Watauga, TX 76148",http://islandstonetx.com,8179185261,islandstonetx@gmail.com,,,,,,,,4,5,,,,,340,1,1,0,0,0,0,0,1,1,1,https://www.facebook.com/IslandStoneIronworks/,,,,https://www.instagram.com/island_stone_tx/,"Tree Services,Masonry/Concrete,Fences & Gates",yelp,1,0,0,95547525
,"Image Tree","2910 Norwood Ln Ste 700 Arlington, TX 76013",http://imagetreecotx.com,8176762148,support@townsquareinteractive.com,,,,,,5,42,5,4,,,,,,1,0,0,0,0,0,0,1,1,0,,,,,,"Tree Services",yelp,1,0,0,95546907
,"Hurst Tree Service",,http://hursttxtreeservice.com,8173823311,215a268a611e4f4d979dd84622a024f9.protect@withheldforprivacy.com,,,,,,5,4,,,,,,,,1,0,0,0,0,0,0,1,1,1,,,,,,,google,0,0,0,8522907
New,"H & S Lawn & Tree Care","7251 Santa Fe Trl E, Mansfield, TX 76063",http://hnslawnandtreecare.net,8174732033,,,,,,,,,,,,,,,,0,0,0,0,0,0,0,0,0,0,,,,,,"Tree Service",yellowpages,1,0,0,557933219
,"HGC Handyman Services","Weatherford, TX 76085",http://hgchandymanservices.com,8179959798,,,,,,,5,24,5,3,,,,,,1,1,0,0,0,0,0,1,1,0,,,,,,"Handyman,Landscaping,Tree Services",yelp,1,0,0,92296557
,"Herbst Tree Service","1600 Stonecrest Trl Wylie, TX 75098",http://herbstreeservice.net,2146765471,herbstree@yahoo.com,,,,,,5,15,4.6,21,,,,,,1,0,0,0,0,0,0,1,1,0,https://www.facebook.com/Herbst-Tree-Services-135330116800136,https://twitter.com/https://www.yelp.com/biz/herbst-tree-service-wylie?osq=Herbst+tree+service,,,,"Tree Services",yelp,1,0,0,95546700
,"Home Brewed Tree Service",,http://hbtreeservice.com,8178461234,hbtsmanagement1@gmail.com,,,,,,4.8,56,,,,,11,,11,1,1,0,0,0,0,0,1,1,1,https://www.facebook.com/pages/Home-Brewed-Tree-Service/921693504569644,,,https://www.youtube.com/watch?v=HbWv-b6hKZg,,,google,1,0,0,8522855
,"Haltom City Tree Service",,http://haltomcitytreeservice.com,8178093231,,,,,,,5,8,,,,,,,,0,0,0,0,0,0,0,0,1,0,,,,,,"Tree service",google,1,0,0,95549129
,"G M Enterprises","7098 E Kennedale Pkwy, Kennedale, TX 76060",http://gmedrill.com,8175723564,richard@gmedrill.com,,,,,,3.7,3,,,,,,,,1,0,0,0,0,0,0,1,0,0,,,https://www.linkedin.com/company/gm-enterprises,,,"Tree Service,Stump Removal & Grinding",yellowpages,1,0,0,331522506
,"Fresh Cut Trees And Fences",,http://freshcutlawncare.org,8177038999,,,,,,,5,12,,,,,,,,0,0,0,0,0,0,0,0,1,0,,,,,,"Lawn care service",google,1,0,0,95550037
New,"Fort Worth Tree Experts",,http://fortworthtreeexperts.com,6823564429,sales@fortworthtreeexperts.com,,,,,,5,9,,,,,,,,1,1,0,0,0,0,0,1,1,1,,,,,,"Tree service",google,1,0,0,557934144
,"Fort Worth Stump Grinding","8533 N Beach St, Fort Worth, TX 76244",http://fortworthstumpgrinding.com,8172426150,,,,,,,4.8,17,,,,,,,,1,1,0,0,0,0,0,0,1,0,//facebook.com,//twitter.com,//linkedin.com,,,,google,1,0,0,8522624
,"Floran Tree Service",,http://florantreeservice.com,8176920935,florantreeservice@gmail.com,,,,,,5,205,,,,,,,,1,1,0,0,0,0,0,1,1,1,https://www.facebook.com/people/Floran-Tree-Service-LLC/61551128956988/?mibextid=qi2Omg&#038,,,,,"Tree service",google,1,0,0,95546426
,"Felix Tree and Landscaping Service","Irving, TX 75060",http://felixstreeservice.com,2149919227,info@felixstreeservice.com,,,,,,4.9,191,4.7,13,,,,,,1,1,0,0,0,0,0,1,1,0,,,,,,"Tree Services,Landscaping",yelp,1,0,0,92315412
,"Evn Tree Cutter Service","Fort Worth, TX 76131",http://Evntreecutterservice.jimbo.com,6825970798,jimbo@jimbo.com,,,,,,,,,,,,,,,0,0,0,0,0,0,0,0,0,0,,,,,,"Tree Services",yelp,0,0,0,95547640
,"Euless Tree Service Company",,http://eulesstreeservicecompany.com,8174207957,0ecff4eb446945f6b3939642613f0086.protect@withheldforprivacy.com,,,,,,5,4,,,,,,,,0,0,0,0,0,0,0,0,1,0,,,,,,"Tree service",google,1,0,0,8522804
New,"Economy Tree Service LLC",,http://economytreeservicellc.co,8177518284,,,,,,,5,19,,,,,,,,1,0,0,0,0,0,0,1,1,0,https://www.facebook.com/105501515182019,,,,,"Tree service",google,1,0,0,557934468
,"DH Property Services","Weatherford, TX 76087",http://DHPS.net,8179693477,,,,,,,,,5,2,,,,,,0,1,0,0,0,0,0,1,1,0,,,,,,"Tree Services,Lawn Services",yelp,1,0,0,92315479
,"DFW Tree Guys","347 Cherry Ln, Fort Worth, TX 76108",http://dfwtreeguys.com/,8172143852,f1b09299b01745419d34643fd9594309.protect@withheldforprivacy.com,,,,,,5,5,,,,,,,,1,1,0,0,0,0,0,1,1,1,,,,,,"Tree service in White Settlement, Texas",google-places,1,0,0,380445362
,"Advanced Tree Care","4009 Huckleberry Dr, Fort Worth, TX 76137",,8178479161,,,,,,,,,,,,,,,,0,0,0,0,0,0,0,0,0,0,,,,,,"Tree Service",yellowpages,,0,0,95543490
,"Clean Cut Brothers","Fort Worth, TX 76133",http://Cleancutbros.com,6822310311,cleancbrothers@gmail.com,,,,,,5,31,5,4,,,,,686,1,1,0,0,0,0,0,1,1,0,https://www.facebook.com/CleanCutBrothersLandscaping/,,,,,"Fences & Gates,Landscaping,Masonry/Concrete",yelp,1,0,0,92295497
,"Bryan’s Landscaping","Haltom City, TX 76137",http://bryanslandscapingtx.com,8176176789,support@prophone.com,,,,,,3.6,42,4.4,14,,,,,,1,1,0,0,0,0,0,1,1,0,https://www.facebook.com/580441585480799,,,,,"Landscaping,Landscape Architects or Designers,Fences & Gates",yelp,1,0,0,92294492
,"B&M Tree Service",,http://bmtreetrim.com,9722687210,bruibal@gmail.com,,,,,,4.7,48,,,,,311,3,314,1,1,1,1,0,0,0,1,1,0,https://facebook.com/374407406439049,,,,,"Tree service",google,1,0,0,95546593
,"Blue Ox Urban Forestry","Fort Worth, TX 76102",http://blueoxurbanforestry.com,8178733776,info@blueoxuf.com,,,,,,5,69,5,43,,,,,291,1,0,0,0,0,0,0,1,1,0,https://www.facebook.com/Blueoxurbanforestry/reviews/,,,,,"Tree Services",yelp,1,0,0,95543918
,"Bladi's Tree Service",,http://bladistreeservices.com,9723748465,bladistree1325@gmail.com,,,,,,5,37,,,,,,,,0,0,0,0,0,0,0,1,1,1,,,,,,,google,1,0,0,76212683
,"Big Tex Tree & Landscaping","103 Cedar St Waxahachie, TX 75165",http://big-tex-tree-service-llc.business.site,9725156076,bigtextree21@yahoo.com,,,,,,4.1,9,5,1,4.8,25,,,,1,0,0,0,0,0,0,0,1,0,https://m.facebook.com/bigtextree/,,,,,"Tree Services,Landscaping",yelp,1,0,0,95546624
,"Best Choice Tree Care","Arlington, TX 76012",http://bestchoicetreecare.com,8177157133,juan@bestchoicetreecare.com,,,,,,4,2,5,3,,,,,481,1,1,0,0,0,0,0,0,1,0,https://www.facebook.com/bestchoicetreecare/,https://twitter.com/BestChoiceTree1,,,https://www.instagram.com/bestchoicetree/,"Tree Services",yelp,1,0,0,95547526
,"Deadwood Services","Weatherford, TX 76087",http://badstump.com,8177714609,info@indiantypefoundry.com,,,,,,5,109,5,3,,,,,,1,1,0,0,0,0,0,0,1,0,,,,,,"Tree Services",yelp,1,0,0,95546913
,"Frontier Residential Tree Service","Springtown, TX 76082",http://azletrees.com,6822296552,,,,,,,,,5,4,,,,,,0,0,0,0,0,0,0,0,0,0,,,,,,"Tree Services,Firewood,Pest Control",yelp,1,0,0,95529777
,"Blade Runners","4005 Clay Ave, Haltom City, TX 76117",http://autoglassxperts.net/,8175146425,,,,,,,4.7,96,,,,,,,,0,0,0,0,0,0,0,0,1,0,,,,,,"Tree Service",yellowpages,1,0,0,8674015
,"Atwood Tree Care",,http://atwoodtreecare.com,9728493552,info@atwoodtreecare.com,,,,,,4.8,23,,,,,1122,4,1300,1,1,0,0,0,0,0,0,1,0,http://www.facebook.com/2008/fbml,,,,https://www.instagram.com/atwoodtreecare/,,google,1,0,0,95546498
,"Asplundh Tree Expert","711 S 4th Ave, Mansfield, TX 76063",http://asplundh.com,8174732292,corpcomm@asplundh.com,,,,,,2.7,18,,,,,13434,,15000,1,1,0,0,0,0,0,1,1,1,https://www.facebook.com/Asplundh-Tree-Expert-LLC-881065135374193/,https://twitter.com/Asplundh_Tree,https://www.linkedin.com/company/asplundhtree,,https://www.instagram.com/asplundh_tree/,"Tree Service,Lawn Maintenance,Stump Removal & Grinding",yellowpages,1,0,0,109842419
,"White Rock Tree Wizards","381 Casa Linda Plz Ste 237 Dallas, TX 75218",http://arborwizard.com,2146805885,jim@arborwizard.com,,,,,,5,15,5,10,4.7,20,349,127,,1,1,0,0,0,0,0,1,1,1,https://www.facebook.com/TreeWizards,https://twitter.com/ArborWizard,https://www.linkedin.com/company/white-rock-tree-wizards,https://www.youtube.com/channel/UCP3kefY1CwySyIidUMc-Now/videos,https://www.instagram.com/arborwizard/,"Tree Services",yelp,1,0,0,95546555
,"Arbor Masters of Fort Worth","1510 Jelmak St, Grand Prairie, TX 75050",http://arbormasters.com,4693400316,info@arbormasters.com,,,,,,4.9,243,,,,,,,,1,1,1,0,0,0,0,1,1,1,https://www.facebook.com/ArborMasters/,,https://www.linkedin.com/company/arbor-masters-tree-&-landscape,https://www.youtube.com/user/ArborMasters,https://www.instagram.com/arbor_masters/,"Tree service",google,1,0,0,374399485
,"Arbor Professionals Tree Service",,http://arborcarepros.com,6822224447,,,,,,,5,20,,,,,,,,1,0,0,0,0,0,0,1,1,1,http://www.facebook.com/arborprofessionals,,,,https://www.instagram.com/arborprofessionals,"Agricultural service",google,1,0,0,380447627
,"Anthony's Tree Service","200 Wells Burnett Rd, Azle, TX 76020",http://anthonystreecare.com,8178962011,tony@anthonystreecare.com,,,,,,,,,,,,,,,1,1,0,0,0,0,0,0,0,0,http://www.facebook.com/pages/Anthonys-Tree-Care/139141949483911,,,,,"Tree Service,Arborists,Landscaping & Lawn Services",yellowpages,1,0,0,331526934
,"Alvarado Tree Trimming and Care",,http://alvaradotreetrimmingandcare.com,8175013035,info@alvaradotreetrimmingandcare.com,,,,,,4.9,82,,,,,,,,1,1,1,0,0,0,0,1,1,1,,,,,,"Tree service",google,1,0,0,249260777
,"All American Lawn and Tree Service",,http://allamericanlawnandtreeservice.net,8174487052,,,,,,,4.9,61,,,,,,,,1,0,0,0,0,0,0,0,1,0,,,,,,"Tree service",google,1,0,0,380443994
,"All About The Yard","153 Opal Dr Weatherford, TX 76087",http://allabouttheyardtx.com,8177716333,,,,,,,,2,5,1,,,,,,0,0,0,0,0,0,0,0,0,0,,,,,,"Tree Services,Lawn Services",yelp,1,0,0,95546552
,"Aledo Tree Service","1108 Patrick St, Crowley, TX 76036",http://aledotrees22442441-307919.hibustudio.com,8172971255,domains.account@hibu.com,,,,,,,,,,,,,,,1,0,0,0,0,0,0,0,0,0,,,,,,"Tree Service",yellowpages,1,0,0,95543176
,"Fuentes Landscaping Tree Services","Haltom City, TX 76137",,6823194905,,,,,,,,,,,,,,,,0,0,0,0,0,0,0,0,0,0,,,,,,"Tree Services,Irrigation",yelp,,0,0,95546851
,"Segovia’s Tress Service","Fort Worth, TX 76104",,6825975325,,,,,,,,,,,,,,,,0,0,0,0,0,0,0,0,0,0,,,,,,"Tree Services",yelp,,0,0,95547165
,"Chupik Tree Service","6504 Kenwood Ave Dallas, TX 75214",,2148236463,,,,,,,4.5,4,5,7,,,,,,0,0,0,0,0,0,0,0,0,0,,,,,,"Tree Services",yelp,,0,0,95546964
,"Quality Tree Solutions","1020 Silver Spur Ln, Fort Worth, TX 76179",,8176814753,,,,,,,4.5,2,,,,,,,,0,0,0,0,0,0,0,0,0,0,,,,,,"Tree service",google,,0,0,95549983
New,"A-1 Above Tree Service & Landscaping","4615 Bellflower Way, Fort Worth, TX 76123",,8173639244,,,,,,,,,,,,,,,,0,0,0,0,0,0,0,0,0,0,,,,,,"Tree Service",yellowpages,,0,0,557933063
,"C&J property",,,2544138920,,,,,,,4.8,19,,,,,,,,0,0,0,0,0,0,0,0,0,0,http://facebook.com,,,,,"Tree service",google,,1,0,557934993
,"JWC Tree Service","Bridgeport, TX 76426",,9405391146,,,,,,,,,,,,,,,,0,0,0,0,0,0,0,0,0,0,,,,,,"Tree Services",yelp,,0,0,95530827
New,"Living Art Tree Care","3128 Huron Trail, Fort Worth, TX 76135",,8174410271,,,,,,,5,2,,,,,,,,0,0,0,0,0,0,0,0,0,0,,,,,,"Tree service",google,,0,0,557933314
,"J Davis Tree Care Solutions",,,8172748733,,,,,,,,,,,,,,,,0,0,0,0,0,0,0,0,0,0,,,,,,"Tree services",bing,,0,0,95543452
New,"J & H Tree Service","813 Matt Ct, Azle, TX 76020",,8177109216,,,,,,,,,,,,,,,,0,0,0,0,0,0,0,0,0,0,,,,,,"Tree Service",yellowpages,,0,0,557933142
,"Conchas tree services","Fort Worth, TX 76117",,8173507133,,,,,,,,,,,,,,,,0,0,0,0,0,0,0,0,0,0,,,,,,"Tree Services",yelp,,0,0,95546910
,"Savage Tree Services","9609 Parkview Dr, Fort Worth, TX 76134",,8177249009,,,,,,,5,3,,,,,,,,0,0,0,0,0,0,0,0,0,0,,,,,,,google,,0,0,95549812
,"F Flores Tree Service","Fort Worth, TX 76111",,8179944652,,,,,,,,,,,,,,,,0,0,0,0,0,0,0,0,0,0,,,,,,"Tree Services",yelp,,0,0,95547051
,"Sandra’s Landscape","Lewisville, TX 75067",,4694684547,,,,,,,,,,,,,,,,0,0,0,0,0,0,0,0,0,0,,,,,,"Tree Services,Landscaping",yelp,,0,0,92698509
,"Bill the Tree Guy","Fort Worth, TX 76102",,8172298225,,,,,,,5,3,,,,,,,,0,0,0,0,0,0,0,0,0,0,,,,,,"Tree service",google,,0,0,95549628
,"Arbor Cure","Fort Worth, TX 76135",,8176069136,,,,,,,5,2,,,,,,,,0,0,0,0,0,0,0,0,0,0,,,,,,"Tree Services",yelp,,0,0,95547726
,"Ten Rrothers","Dallas, TX 75270",,2147793527,eben@eyebytes.com,,,,,,4.9,8,,,,,,,,1,0,0,0,0,0,0,1,1,0,https://www.facebook.com/profile.php?id=100057220038946,,,,,"Tree Services,Landscaping,Fences & Gates",yelp,,0,0,92696661
,"Accurate Tree And Stump Removal","9864 Willowick Ave, Fort Worth, TX 76108",,,,,,,,,2.5,4,,,,,,,,0,0,0,0,0,0,0,0,0,0,,,,,,"Tree service",google,,0,0,95549870
,"Mitchell's Pro Landscape &amp; Design, Inc.","4305 Winchester Ct, Grand Prairie, TX 75052",,9726417776,,,,,,,,,,,,,,,,0,0,0,0,0,0,0,0,0,0,,,,,,"Tree Service",yellowpages,,0,0,8521478
,"Ram Tree Service","Grand Prairie, TX 75050",,4697746255,,,,,,,,,5,2,,,,,,0,0,0,0,0,0,0,0,0,0,,,,,,"Tree Services",yelp,,0,0,95530519
New,"Limb N' Leaf","3409 Muleshoe Ln, Fort Worth, TX 76179",,8178518980,,,,,,,5,3,,,,,,,,0,0,0,0,0,0,0,0,0,0,https://www.facebook.com/LimbNLeaf,,,,,"Tree service in Fort Worth, Texas",google-places,,0,0,557936277
,Treeservice817,"1867 Grand Ave, Fort Worth, TX 76164 · ~40 mi",,8175007107,davidperkins817@gmail.com,,,,,,,,,,4.6,30,354,25,,0,0,0,0,0,0,0,0,0,0,https://www.facebook.com/AtYourRequestLandscapingAndTreeService/,,https://www.linkedin.com/company/_____-endeavors-arts-and-events-by-rachel-wright,,,"Tree services",bing,,0,0,95543203
,"Groves Tree Care",,,6822194094,,,,,,,5,3,,,,,,,,0,0,0,0,0,0,0,0,0,0,,,,,,"Tree service",google,,0,0,95550072
,"3D Tree Service","3910 Travis Ave, Fort Worth, TX 76110",,8172698700,,,,,,,,,5,2,,,,,,0,0,0,0,0,0,0,0,0,0,,,,,,"Tree Services",yelp,,0,0,95545146
,"Sam’s Concrete Solution","Euless, TX 76040",,4692239244,,,,,,,,,,,,,,,,0,0,0,0,0,0,0,0,0,0,,,,,,"Tree Services,Masonry/Concrete,Fences & Gates",yelp,,0,0,95530267
,"K & R Lawn Services","Fort Worth, TX 76123",,6824448527,,,,,,,,,5,1,,,,,,0,0,0,0,0,0,0,0,0,0,,,,,,Landscaping,yelp,,0,0,92297585
New,"820 Tree Service",,,8173120597,,,,,,,5,9,,,,,,,,0,0,0,0,0,0,0,0,0,0,,,,,,"Tree service",google,,0,0,557935053
,"K&P Custom Landscaping","Fort Worth, TX 76123",,8179888747,,,,,,,,,5,1,,,,,,0,0,0,0,0,0,0,0,0,0,,,,,,"Tree Services,Landscaping",yelp,,0,0,95547049
,"Halls Landscape and Design","Fort Worth, TX 76112",,9039344499,,,,,,,,,,,,,,,,0,0,0,0,0,0,0,0,0,0,,,,,,"Landscape Architects or Designers,Fences & Gates,Tree Services",yelp,,0,0,95530690
New,"Crest Tree and Landscapes",,,8177327378,,,,,,,5,7,,,,,,,,0,0,0,0,0,0,0,0,0,0,,,,,,"Tree service",google,,0,0,557935186
,"Ocampo Tree Services","3625 Galvez Ave, Fort Worth, TX 76111",,8173767459,info@ocampotreeservice.com,,,,,,3,2,,,,,,,,0,0,0,0,0,0,0,1,1,1,,,,,,"Tree service in Fort Worth, Texas",google-places,,0,0,249744746
,ProScapes,"11865 Alta Vista Rd, Fort Worth, TX 76244",,8173373336,,,,,,,,,,,,,,,,0,0,0,0,0,0,0,0,0,0,,,,,,"Tree Service,Landscape Designers & Consultants,Landscaping & Lawn Services",yellowpages,,0,0,370022144
,"Twisted Roots","6444 Downeast Dr, Fort Worth, TX 76179",,8176810828,,,,,,,,,,,,,,,,0,0,0,0,0,0,0,0,0,0,,,,,,"Tree Service",yellowpages,,0,0,95543281
,"Montiel's Tree Service","3908 Kelroy St, Fort Worth, TX 76119",,8176965697,,,,,,,5,36,,,,,,,,0,0,0,0,0,0,0,0,0,0,,,,,,"Tree Service",yellowpages,,0,0,95543566
,"Cristian Tree Service",,,8177620931,,,,,,,5,3,,,,,,,,0,0,0,0,0,0,0,0,0,0,,,,,,"Tree service",google,,0,0,557934686
,"Bell Tree Service","Fort Worth, TX 76135",,8175019371,,,,,,,4.2,34,,,,,,,,1,1,1,0,0,0,0,1,1,0,https://www.facebook.com/profile.php?id=100064156295059,,,,https://www.instagram.com/jbellservices/?hl=en,"Tree Service,Stump Removal &amp; Grinding",yellowpages,,0,0,95543563
,"Contreras Landscape & Tree Service","1919 Williams Rd, Irving, TX 75060",,9728770638,,,,,,,,,5,1,,,,,,0,0,0,0,0,0,0,0,0,0,,,,,,"Tree Services,Lawn Services",yelp,,0,0,92296245
,"Gerth's tree and hardscape","1895 Westview Terrace, Arlington, TX 76013",,8174557853,,,,,,,,,,,,,,,,0,0,0,0,0,0,0,0,0,0,,,,,,"Tree Service",yellowpages,,0,0,380440591
,"Stovall Lawn Care","2210 Pontiac Dr, Arlington, TX 76013",,8178940212,,,,,,,,,,,,,,,,0,0,0,0,0,0,0,0,0,0,,,,,,"Tree Service,Lawn Maintenance,Gardeners",yellowpages,,0,0,108329556
,"Parker’s Tree Service","Grapevine, TX 76051",,8173491849,,,,,,,,,,,,,,,,0,0,0,0,0,0,0,0,0,0,,,,,,"Tree Services,Landscaping",yelp,,0,0,95547817
,"Brother’s Tree Trimming","Dallas, TX 75241",,2146040993,,,,,,,,,3,2,,,,,,0,0,0,0,0,0,0,0,0,0,,,,,,"Tree Services",yelp,,0,0,95529199
,"Yard Service Noris","Corinth, TX 76210",,4694780393,,,,,,,,,5,12,,,,,,0,0,0,0,0,0,0,0,0,0,,,,,,"Landscaping,Tree Services,Masonry/Concrete",yelp,,0,0,92698470
,"Superior Grounds Keeping, Inc.","3805 Parchman St Ste C, North Richland Hills, TX 76180",,8179038031,,,,,,,,,,,,,,,,0,0,0,0,0,0,0,0,0,0,,,,,,"Tree Service,Gardeners,Landscaping & Lawn Services",yellowpages,,0,0,108329534
,"Adventure Tree Service","Serving theFort Worth Area",,8172102589,,,,,,,,,,,,,,,,0,0,0,0,0,0,0,0,0,0,,,,,,"Tree Service",yellowpages,,0,0,95543895
,"Lone Star Hauling","Fort Worth, TX 76110",,6822599092,,,,,,,,,,,,,,,,0,0,0,0,0,0,0,0,0,0,,,,,,,yelp,,0,0,95546706
,"MTZ Tree Service","2113 Marilyn ln, Arlington, TX 76010",,8174496222,,,,,,,,,,,,,,,,0,0,0,0,0,0,0,0,0,0,,,,,,"Tree Service",yellowpages,,0,0,380440776
,"Dubski's Land Management","4237 Satellite Dr, Fort Worth, TX 76244",,8175014354,,,,,,,,,,,,,,,,0,0,0,0,0,0,0,0,0,0,,,,,,"Tree Service",yellowpages,,0,0,95543885
,"Ray’s Tree and Stump","Fort Worth, TX 76107",,8172671109,,,,,,,5,2,,,,,,,,0,0,0,0,0,0,0,0,0,0,,,,,,"Tree Services",yelp,,0,0,95546633
,"Edwards's Tree And Lawn Service","308 S Oak St, Crowley, TX 76036",,8172976455,wedwards@rcn.com,,,,,,,,,,,,701,764,713,1,0,0,0,0,0,0,0,1,0,https://www.facebook.com/EdwardsChristmasTreeFarm/,,,,https://www.instagram.com/edwardstreesandhops/,"Tree Service,Landscape Contractors,Lawn Maintenance",yellowpages,,0,0,108327202
,"Tree &amp; Lawn By Graham","1704 White Feather Ln, Fort Worth, TX 76131",,8174033146,,,,,,,,,,,,,,,,0,0,0,0,0,0,0,0,0,0,,,,,,"Tree Service",yellowpages,,0,0,95543492
,"Rocha Tree Service","Fort Worth, TX 76140",,8178085970,,,,,,,5,15,,,,,,,,0,0,0,0,0,0,0,0,0,0,,,,,,"Tree Service,Stump Removal & Grinding",yellowpages,,0,0,95543520
,"Straight Shot Solutions","Haslet, TX 76052",,3604817740,,,,,,,,,,,,,,,,0,0,0,0,0,0,0,0,0,0,,,,,,"Handyman,Fences & Gates,Tree Services",yelp,,0,0,95531018
,"Economy Tree Service","1308 W Euless Blvd, Euless, TX 76040",,8179527017,,,,,,,,,,,,,,,,0,0,0,0,0,0,0,0,0,0,,,,,,"Tree Service",yellowpages,,0,0,380440777
,"Yard Smart","Fort Worth, TX 76133",,8172945296,,,,,,,,,,,,,,,,0,0,0,0,0,0,0,0,0,0,,,,,,"Tree Service,Landscaping & Lawn Services,Landscape Designers & Consultants",yellowpages,,0,0,103829244
,"Next Level Tree Service",,,8172171155,,,,,,,5,106,,,,,,,,0,0,0,0,0,0,0,0,0,0,,,,,,"Tree service",google,,0,0,380442406
,"Texan Lawn & Tree Service","Serving theFort Worth Area",,8179927571,,,,,,,,,,,,,,,,0,0,0,0,0,0,0,0,0,0,,,,,,"Tree Service,Landscaping & Lawn Services,Lawn Maintenance",yellowpages,,0,0,555749519
,"Tree Services &amp; Concrete Works","3736 Longstraw Dr, Fort Worth, TX 76137",,8176633044,,,,,,,,,,,,,,,,0,0,0,0,0,0,0,0,0,0,,,,,,"Tree Service",yellowpages,,0,0,95543282
,"Houser Tree Care","7429 Overhill Rd, Fort Worth, TX 76116",,6822204318,,,,,,,,,,,,,,,,0,0,0,0,0,0,0,0,0,0,,,,,,"Tree Service",yellowpages,,0,0,95543259
,"Singleton's Lawn & Tree","6917 NE Loop 820, North Richland Hills, TX 76180",,6823207549,,,,,,,,,,,,,,,,0,0,0,0,0,0,0,0,0,0,,,,,,"Tree Service,Landscaping & Lawn Services,Lawn Maintenance",yellowpages,,0,0,515972374
,"Local Tree Service",,,6825571270,,,,,,,5,5,,,,,,,,0,0,0,0,0,0,0,0,0,0,,,,,,"Tree service",google,,0,0,557935088
,"Adams Tree Service","Denton, TX 76210",,2146013529,,,,,,,,,5,1,,,,,,0,0,0,0,0,0,0,0,0,0,,,,,,"Tree Services",yelp,,0,0,95547527
,"Lgt Disaster Services","5272 Mitchell Saxon Rd, Fort Worth, TX 76140",,8179380210,,,,,,,,,,,,,,,,0,0,0,0,0,0,0,0,0,0,,,,,,"Tree Service",yellowpages,,0,0,95543279
,"Valadez DFW Landscaping","Fort Worth, TX 76105",,6825593611,,,,,,,,,,,,,,,,1,1,0,0,0,0,0,1,1,1,,,,,,"Tree Service,Landscape Contractors,Hardscape",yellowpages,,0,0,108324646
,"Brothers Landscape Services","1361 W Euless Blvd Ste 111, Euless, TX 76040",,6507270037,,,,,,,,,,,,,,,,0,0,0,0,0,0,0,0,0,0,,,https://www.linkedin.com/company/brothers-landscape-services,,,"Tree Service,Landscape Contractors,Landscaping & Lawn Services",yellowpages,,0,0,95544121
,"Ballard Tree Service","Serving theFort Worth Area",,8177316300,ballardtreeservinc@gmail.com,,,,,,4.9,110,,,,,,,396,1,1,0,0,0,0,0,0,1,0,http://www.facebook.com/2008/fbml,,,,https://www.instagram.com/ballardtreeazle/,"Tree Service",yellowpages,,0,0,111777572
,"Barnes Budget Tree Service","1109 Wade Hampton St, Benbrook, TX 76126",,8172492464,,,,,,,,,,,,,,,,0,0,0,0,0,0,0,0,0,0,,,,,,"Tree Service",yellowpages,,0,0,95543187
,"Arlington Tree Service","1407 Moore Ter, Arlington, TX 76010",,8175426016,,,,,,,,,,,,,,,,0,0,0,0,0,0,0,0,0,0,,,,,,"Tree Service,Landscaping & Lawn Services",yellowpages,,0,0,108329676
,"Castle Lawns","Euless, TX 76040",,8176807023,,,,,,,3,6,,,,,,,,0,0,0,0,0,0,0,0,1,0,,,,,,"Lawn Services,Tree Services",yelp,,0,0,95547424
,"Fort Worth Arbor Care","Fort Worth, TX 76133",,8176633177,,,,,,,,,,,,,,,,0,0,0,0,0,0,0,0,0,0,,,,,,"Tree Service",yellowpages,,0,0,95543532
,"Santana's Tree Service","3500 Chimney Rock Dr, Forest Hill, TX 76140",,8178076381,,,,,,,,,,,,,,,,0,0,0,0,0,0,0,0,0,0,,,,,,"Tree Service",yellowpages,,0,0,95543185
,"Thumping Tree Services Inc","Fort Worth, TX 76244",,8175872998,,,,,,,,,,,,,,,,0,0,0,0,0,0,0,0,0,0,,,,,,"Tree Service",yellowpages,,0,0,95543889
,"Williams Land Clearing","Sherman, TX 75092",,9185204422,,,,,,,,,,,,,,,,0,0,0,0,0,0,0,0,0,0,,,,,,"Landscaping,Junk Removal & Hauling,Tree Services",yelp,,0,0,95531981
,"The Woodsman Tree Service &amp; Custom Firewood","9801 Jacksboro Hwy, Fort Worth, TX 76135",,8172312844,,,,,,,,,,,,,,,,0,0,0,0,0,0,0,0,0,0,,,,,,"Tree Service",yellowpages,,0,0,95543952
,"CHAVEZ TREE SERVICE","8100 Lanae Ln, Fort Worth, TX 76134",,6824786450,,,,,,,,,,,,,,,,0,0,0,0,0,0,0,0,0,0,,,,,,"Tree Service",yellowpages,,0,0,95543157
,"Season Smart Tree Service","Fort Worth, TX 76135",,8178299656,,,,,,,,,,,,,,,,0,0,0,0,0,0,0,0,0,0,,,,,,"Tree Service,Arborists,Firewood",yellowpages,,0,0,108327117
,"All'star Tree","581 Bluebonnet Dr, Keller, TX 76248",,8173378733,,,,,,,,,,,,,,,,0,0,0,0,0,0,0,0,0,0,,,,,,"Tree Service",yellowpages,,0,0,380440782
,"francos tree services","1232 E Pulaski St, Fort Worth, TX 76104",,8174955089,,,,,,,5,1,,,,,,,,0,0,0,0,0,0,0,0,0,0,,,,,,"Tree service in Fort Worth, Texas",google-places,,0,0,380444134
,"Roa Tree Service","Carrollton, TX 75006",,4694427669,,,,,,,,,5,5,,,,,,0,0,0,0,0,0,0,0,0,0,,,,,,"Tree Services,Landscaping",yelp,,0,0,95529007
,"Fort Worth's Yard Man","4915 E Fm 1187, Burleson, TX 76028",,6822037895,,,,,,,4.6,118,,,,,,,,0,0,0,0,0,0,0,0,0,0,,,,,,"Altering & Remodeling Contractors,General Contractors,Drywall Contractors",yellowpages,,0,0,103829567
,"Aleman Services","Serving theFort Worth Area",,8174431766,,,,,,,,,,,,,,,,0,0,0,0,0,0,0,0,0,0,,,,,,"Tree Service",yellowpages,,0,0,380440513
,"Cross Exterminating Inc","428 Park Center Blvd, Saginaw, TX 76179",,8172320552,,,,,,,,,,,,,,,,0,0,0,0,0,0,0,0,0,0,,,,,,"Tree Service,Pest Control Services",yellowpages,,0,0,150441093
,"Tarrant Tree Services","6613 Davidson St, Richland Hills, TX 76118",,8176163087,,,,,,,,,,,,,,,,0,0,0,0,0,0,0,0,0,0,,,,,,"Tree Service",yellowpages,,0,0,95543163
,"Tree Service Advisor","Balch Springs, TX 75180",,4697353587,,,,,,,,,5,4,,,,,,0,0,0,0,0,0,0,0,0,0,,,,,,"Tree Services",yelp,,0,0,95529198
,"Matlocks facility care","8132 calmont ave apt 3101, Fort worth, TX 76116",,8179147043,,,,,,,,,,,,,,,,0,0,0,0,0,0,0,0,0,0,,,,,,"Tree Service,Landscape Designers & Consultants,Landscaping & Lawn Services",yellowpages,,0,0,108327675
,"4 Season Landscaping","616 Live Oak Dr, Mansfield, TX 76063",,4694349649,,,,,,,,,,,,,,,,0,0,0,0,0,0,0,0,0,0,,,,,,"Tree Service,Landscaping & Lawn Services,Fence Repair",yellowpages,,0,0,109842240
,"Rodriguez Handyman& Remodeling","Serving theFort Worth Area",,6825544053,,,,,,,,,,,,,,,,0,0,0,0,0,0,0,0,0,0,,,,,,"Altering & Remodeling Contractors,Flooring Contractors,Kitchen Planning & Remodeling Service",yellowpages,,0,0,542313822
,"Balanced Tree Service","6541 Summit Ridge Dr, Watauga, TX 76148",,8178008657,,,,,,,,,,,,,,,,0,0,0,0,0,0,0,0,0,0,,,,,,"Tree Service",yellowpages,,0,0,331524162
,"Cuevas Landscaping","North Richland Hills, TX 76148",,8178459662,,,,,,,,,1,1,,,,,,0,0,0,0,0,0,0,0,0,0,,,,,,Landscaping,yelp,,0,0,92296556
,"R. Tree Service","4704 Ira St, Fort Worth, TX 76117",,8174485753,,,,,,,,,,,,,,,,0,0,0,0,0,0,0,0,0,0,,,,,,"Tree Service,Grading Contractors,Stump Removal & Grinding",yellowpages,,0,0,380440555
,"Winker Aborilogical Services","1600 Arbor Crest Dr Apt 323, Bedford, TX 76021",,8177143823,,,,,,,,,,,,,,,,0,0,0,0,0,0,0,0,0,0,,,,,,"Tree Service",yellowpages,,0,0,331527247
,"AAA Integrity Lawn Care of Fort Worth","8300 Sambar Deer Dr, Fort Worth, TX 76179",,8173663397,,,,,,,,,,,,,,,,0,0,0,0,0,0,0,0,0,0,,,,,,"Tree Service,Lawn Maintenance,Landscaping & Lawn Services",yellowpages,,0,0,108325502
,"Scapekeepers Tree and Landscape Care","4325 Thornton st. #124, Fort Worth, TX 76106",,6824325869,,,,,,,,,,,,,,,,0,0,0,0,0,0,0,0,0,0,,,,,,"Tree Service",yellowpages,,0,0,349688866
,"Rustic Excavation","Fort Worth, TX 76111",,8173531807,,,,,,,5,2,,,,,,,,0,0,0,0,0,0,0,0,0,0,,,,,,,yelp,,0,0,95546418
,"MWM Trees Service","3904 Sagebrush Rd, Benbrook, TX 76116",,8173725215,,,,,,,,,,,,,,,,0,0,0,0,0,0,0,0,0,0,,,,,,"Tree Service,Stump Removal & Grinding",yellowpages,,0,0,331523291
,"Lumberjack Tree Service",,,7045787066,terry.bunting@yahoo.com,,,,,,5,9,,,,,187,,217,1,1,0,0,0,0,0,1,1,0,,,,,,"Tree service",google,,0,0,339842946
,"Tree Service Haltom City","4207 Broadway Ave, Haltom City, TX 76117",,6824632508,,,,,,,5,3,,,,,,,,0,0,0,0,0,0,0,0,1,0,,,,,,"Tree service in Haltom City, Texas",google-places,,0,0,380444102
,"Adrian’s Lawn Guys","Princeton, TX 75407",,4692156484,,,,,,,,,,,,,,,,0,0,0,0,0,0,0,0,0,0,,,,,,"Tree Services,Lawn Services",yelp,,0,0,95530823
,"TLC Professional Tree Service","2973 salado trl., ft. worth, TX 76118",,4694411593,,,,,,,,,,,,,,,,0,0,0,0,0,0,0,0,0,0,,,,,,"Tree Service,Arborists",yellowpages,,0,0,249257580
,"AB Tree Service in Fort Worth TX",,,8173868071,,,,,,,,,,,,,,,,0,0,0,0,0,0,0,0,0,0,,,,,,"Tree service",google,,0,0,557935127
,"Faithful Lawn Care","1209 N Saginaw Blvd Unit G216, Saginaw, TX 76179",,6827747337,,,,,,,,,,,,,,,,0,0,0,0,0,0,0,0,0,0,,,,,,"Tree Service,Lawn Maintenance,Landscaping & Lawn Services",yellowpages,,0,0,92303603
,"Tom's Lawn Service","North Richland Hills 76180, North Richland Hills, TX 76180",,8172299502,,,,,,,,,,,,,,,,0,0,0,0,0,0,0,0,0,0,,,,,,"Tree Service,Lawn Maintenance,Landscaping & Lawn Services",yellowpages,,0,0,108329596
,"Family Man Tree Service","6044 Nanci Dr, Watauga, TX 76148",,8177293167,,,,,,,,,,,,,,,,0,0,0,0,0,0,0,0,0,0,,,,,,"Tree Service",yellowpages,,0,0,380440820
,"Dad Mows Best","Weatherford, TX 76085",,9402101935,,,,,,,,,5,1,,,,,,0,0,0,0,0,0,0,0,0,0,,,,,,"Lawn Services,Tree Services",yelp,,0,0,95547826
,"Arlington Tree and Landscaping Service","414 Oakwood Lane, Arlington, TX 76012",,8175223364,,,,,,,,,,,,,,,,0,0,0,0,0,0,0,0,0,0,,,,,,"Tree Service,Landscaping & Lawn Services,Landscape Contractors",yellowpages,,0,0,108328551
,"A & D Lawn & Tree Service","1114 Harvard St, River Oaks, TX 76114",,8174954240,,,,,,,5,2,,,,,,,,0,0,0,0,0,0,0,0,1,0,,,,,,"Tree Service,Landscape Contractors,Lawn Maintenance",yellowpages,,0,0,555749429
,"May Brother's Lawn Care","Benbrook, TX 76126",,8179157238,,,,,,,,,,,,,,,,0,0,0,0,0,0,0,0,0,0,,,,,,"Tree Service,Lawn & Garden Furnishings,Fertilizing Services",yellowpages,,0,0,111777583
,"Lorenzo’s Tree Services","Dallas, TX 75227",,4699390974,,,,,,,,,4.9,42,,,,,,0,0,0,0,0,0,0,0,0,0,,,,,,"Tree Services",yelp,,0,0,95528402
,"Woodcrest Tree Service","4205 Clear Lake Cir, Fort Worth, TX 76109",,6829999394,,,,,,,,,,,,,,,,0,0,0,0,0,0,0,0,0,0,,,,,,"Tree Service,Stump Removal & Grinding,Nurseries-Plants & Trees",yellowpages,,0,0,95544000
,"Steward, David","Fort Worth, TX 76104",,8177938010,,,,,,,,,,,,,,,,0,0,0,0,0,0,0,0,0,0,,,,,,"Tree Service,Stump Removal & Grinding",yellowpages,,0,0,331522323
,"Juan Martínez landscaping","Dallas, TX 75241",,2146133713,,,,,,,,,,,,,,,,0,0,0,0,0,0,0,0,0,0,,,,,,"Landscaping,Tree Services",yelp,,0,0,92698523
,"Rightway Lawn & Tree","608 Newt Patterson Rd, Mansfield, TX 76063",,6824223312,,,,,,,,,,,,,,,,0,0,0,0,0,0,0,0,0,0,,,,,,"Tree Service,Gardeners",yellowpages,,0,0,557052110
,"Gomez Landscaping","Fort Worth, TX 76105",,8179320538,,,,,,,,,,,,,,,,0,0,0,0,0,0,0,0,0,0,,,,,,"Landscaping,Tree Services,Irrigation",yelp,,0,0,95547633
,"Fort Worth Lawn and Tree","Fort Worth, TX 76109",,8177931598,,,,,,,3.7,9,3.3,7,,,,,,0,0,0,0,0,0,0,0,0,0,,,,,,"Lawn Services,Tree Services,Irrigation",yelp,,0,0,92297568
,"RL Landscaping","605 W 1st St Fort Worth, TX 76102",,,,,,,,,,,,,,,,,,0,0,0,0,0,0,0,0,0,0,,,,,,"Landscaping,Tree Services",yelp,,0,0,92294761
,"Montoya Tree Service","805 Max St, Fort Worth, TX 76108",,8174758017,,,,,,,5,2,,,,,,,,0,0,0,0,0,0,0,0,1,0,,,,,,"Tree service in White Settlement, Texas",google-places,,0,0,380447257
,"star's Tree Service","9136 Ten Mile Bridge, fort worth, TX 76135",,8173633179,,,,,,,,,,,,,,,,0,0,0,0,0,0,0,0,0,0,,,,,,"Tree Service",yellowpages,,0,0,95543494
,"Grow Your Landscape","Burleson, TX 76028",,6825636613,,,,,,,,,5,8,,,,,,0,0,0,0,0,0,0,0,0,0,,,,,,"Landscaping,Masonry/Concrete,Patio Coverings",yelp,,0,0,92694990
,"Tony’s tree service","605 Blandin St, Fort Worth, TX 76111",,6822410588,,,,,,,5,31,,,,,,,,0,0,0,0,0,0,0,0,0,0,,,,,,"Tree service in Fort Worth, Texas",google-places,,0,0,380441015
,"B N Organic","1212 Riverchase Ln Unit 243, Arlington, TX 76011",,2143924676,,,,,,,,,,,,,,,,0,0,0,0,0,0,0,0,0,0,,,,,,"Tree Service,Landscaping & Lawn Services,Wholesale Plants & Flowers",yellowpages,,0,0,108329709
,"DFW Demo","2830 S Hulen St Suite 178, Fort Worth, TX 76109",,8175017426,,,,,,,,,,,,,,,,0,0,0,0,0,0,0,0,0,0,,,,,,"Construction Estimates,Tree Service,Demolition Contractors",yellowpages,,0,0,95543245
,"AZTLAND Contractor","PO Box 6872, Fort Worth, TX 76115",,8172178308,,,,,,,,,,,,,,,,0,0,0,0,0,0,0,0,0,0,,,,,,"Tree Service,Grading Contractors,Landscaping & Lawn Services",yellowpages,,0,0,108326367
,"Griffin's Tree Trimming","105 N 2nd Ave, Mansfield, TX 76063",,8178083006,,,,,,,,,,,,,,,,0,0,0,0,0,0,0,0,0,0,,,,,,"Stump Removal & Grinding",yellowpages,,0,0,95544018
,"Reyna tree service","4510 McCart Ave, Fort Worth, TX 76115",,8179375133,,,,,,,4,14,,,,,,,,0,0,0,0,0,0,0,0,0,0,,,,,,"Tree service",google,,0,0,380444552
,"Texas Lawn Cuttin","300 Boone Rd Ste A7, Burleson, TX 76028",,8176586405,,,,,,,,4,,,,,,,,0,0,0,0,0,0,0,0,0,0,,,,,,"Tree Service",yellowpages,,0,0,95543180
,"Keller Tree Service Experts","5857 Park Vista Cir, Fort Worth, TX 76244",,6826475704,,,,,,,,,,,,,,,,0,0,0,0,0,0,0,0,0,0,,,,,,"Tree Service",yellowpages,,0,0,380440557
,"Smith's Tree Service & Garden Center","8101 Camp Bowie West Blvd, Benbrook, TX 76116",,8885530076,,,,,,,,,,,,,,,,0,0,0,0,0,0,0,0,0,0,,,,,,"Tree Service,Stump Removal & Grinding,Landscaping & Lawn Services",yellowpages,,0,0,557298536
,"Docs Professional Tree Services","717 Paint Pony Trl N, Fort Worth, TX 76108",,8175058510,,,,,,,,,,,,,,,,0,0,0,0,0,0,0,0,0,0,,,,,,"Tree Service",yellowpages,,0,0,95543581
,"Felipe Landscape & Tree Services","Fairview, TX 75069",,9725346756,,,,,,,,,,,,,,,,0,0,0,0,0,0,0,0,0,0,,,,,,"Landscaping,Tree Services",yelp,,0,0,95530268
,"VMSI Texas","18240 Calloway Cemetery Rd, Euless, TX 76040",,8173682889,,,,,,,,,,,,,,,,0,0,0,0,0,0,0,0,0,0,,,,,,"Tree Service,Oil Field Service,Weed Control Service",yellowpages,,0,0,331523385
,"AJ's Tree Service","524 Lead Creek Dr, Fort Worth, TX 76131",,8172313609,,,,,,,,,,,,,,,,0,0,0,0,0,0,0,0,0,0,,,,,,"Tree Service",yellowpages,,0,0,95543937
