status,name,address,website,phone,email,google_rating,google_reviews,yelp_rating,yelp_reviews,fb_rating,fb_reviews,fb_likes,fb_checkins,fb_followers,is_title,is_description,is_adwords,is_facebook_ads,is_twitter_ads,is_linkedin_ads,is_bing_ads,is_robot,is_ssl,is_wordpress,fb_url,twitter_url,linkedin_url,youtube_url,instagram_url,category,search_type,crawler_status,women_owned,black_owned,business_id
,"Monster Tree Service Of Omaha","3139 S. 61st Ave, Omaha, NE 68106",https://www.whymonster.com/omaha-north-metro,4028095665,josh@whymonster.com,,,,,,,,,,1,1,1,0,0,0,0,1,1,0,facebook.net/en_US/fbevents.js,,https://www.linkedin.com/company/monster-tree-service-of-bridgewater,,https://www.instagram.com/monstertreeservices/,"Tree Service",yellowpages,1,0,0,337880422
,"Monster Tree Service of Omaha",,http://monstertreeservice.com,4029617085,privacyofficer@authoritybrands.co,4.8,369,,,,,,,,1,1,1,0,0,0,0,1,1,0,facebook.net/en_US/fbevents.js,,https://www.linkedin.com/company/monster-tree-service,,https://www.instagram.com/monstertreeservices/,"Tree service",google,1,0,0,337890889
,"West Omaha Tree Service","Omaha, NE 68130",https://www.westomahatreeservice.com,4027393625,westomahatreeservice@gmail.com,,,5,5,,,,,,0,0,0,0,0,0,0,1,1,0,,,,,,"Tree Services,Snow Removal",yelp,1,0,0,122607447
New,"Vinny's Tree Service","6701 L St, Omaha, NE 68117",http://www.vinnystreeservice.com,4029344646,vinnystree@gmail.com,4.8,73,,,,,,,,1,1,0,0,0,0,0,0,1,0,https://facebook.com/profile.php?id=100093011109799,,,,,"Tree Service",yellowpages,1,0,0,561994056
,"TruGreen Lawn Care","10402 Sapp Brothers Dr, Omaha, NE 68138",https://www.trugreen.com/local-lawn-care/nebraska/omaha/?utm_source=gmb_yext&utm_medium=organic&y_source=1_MTUzOTUwODMtNTUzLWxvY2F0aW9uLndlYnNpdGU%3D,4028957591,customercare@trugreenmail.com,3.6,414,,,,,451816,,453000,1,1,1,1,0,0,0,1,1,0,https://www.facebook.com/trugreen,"//www.twitter.com/intent/tweet?url=https%3A%2F%2Fwww.trugreen.com%2Fabout%2Fprivacy-policy&text=TruGreen Privacy Policy",https://www.linkedin.com/company/trugreen-chemlawn,https://www.youtube.com/trugreen,https://www.instagram.com/trugreen_lawn/,"Tree Service,Lawn Maintenance,Landscaping & Lawn Services",yellowpages,1,0,0,135854815
New,"Tree Wise Men","50711 Brohard Ave, Council Bluffs, IA 51503",https://www.treewisemenia.com,4029606259,treewisemenia.com@contactprivacy.com,5,46,,,,,,,,1,1,0,0,0,0,0,1,1,0,https://www.facebook.com/treewisementreecare,,,,https://www.instagram.com/treewisementreecare/,"Tree Service",yellowpages,1,0,0,561994332
,"Chop Chop Tree","1512 Mike Fahey St, Omaha, NE 68102",https://www.treetrimmingomahane.com,4023072030,,,,,,,,,,,1,1,0,0,0,0,0,1,1,0,https://www.facebook.com/Chop-Chop-Tree-869597279814894/,https://twitter.com/Arbor_Omaha,,,,"Tree Service",yellowpages,0,0,0,337880489
,"Tops Lawn Care","102 Cunningham Rd, Bellevue, NE 68005",https://www.topslawncare.com/,4022922214,topslawncare@hotmail.com,4.7,12,,,,,,,,1,1,0,0,0,0,0,1,1,0,https://facebook.com/profile.php?id=100063841788227,,,,,"Tree Service,Lawn Maintenance,Pest Control Services",yellowpages,1,0,0,135855389
,"TJN Enterprises, Inc.","214 N Adams St, Papillion, NE 68046",https://www.tjnlawn.com/contact,4026619524,tjnenterprises@yahoo.com,4.8,23,,,,,1842,110,2000,1,1,0,0,0,0,0,1,1,1,https://www.facebook.com/tjnlawn/,,http://www.linkedin.com/in/tjnlawn,,,"Tree Service,Mulches,Landscape Designers & Consultants",yellowpages,1,0,0,135855404
New,"The Sheltering Tree Apartments","1903 Gregg Rd, Bellevue, NE 68005",https://www.seldin.com/shelteringtreebellevue,4026909666,info@seldin.com,,,,,,,,,,1,1,1,0,0,0,0,0,1,0,https://www.facebook.com/SeldinCo,,https://www.linkedin.com/company/seldin-company,,https://www.instagram.com/lifeatseldin/,"Tree Service",yellowpages,1,0,0,561994331
,"Santacruz Construction General Services","4809 South 49th Avenue, Omaha, NE 68117",https://www.santacruzconstructionne.com,4029530122,santacruzconstructiongeneral@gmail.com,,,,,,,,,,1,1,0,0,0,0,0,0,1,0,https://facebook.com/profile.php?id=100083062005999,,,,,"Tree Service,Carpet Installation,Retaining Walls",yellowpages,1,0,0,541135630
,"Patera Landscaping","17511 Storage Rd, Omaha, NE 68136",https://www.pateralandscaping.com/,4027065679,elle@pateralandscaping.com,4.6,191,,,,,,,,1,1,1,0,0,0,0,1,1,1,https://www.facebook.com/patera.landscaping,https://twitter.com/PateraLandscape,https://www.linkedin.com/company/patera-landscaping,,https://www.instagram.com/patera.landscaping/,,bing,1,0,0,39210796
,"Nebraska Yard Care","Serving theOmaha Area",https://www.nebraskayardcare.com,4022250812,andy@nebraskayardcare.com,4,4,,,,,,,94,1,1,0,0,0,0,0,1,1,0,https://facebook.com/nebraskayardcare,,,,,"Tree Service,Lawn Maintenance,Gardeners",yellowpages,1,0,0,242721949
,"Mutchie Tree Care","2273 S 218th Ave, Elkhorn, NE 68022",https://www.mutchietreeservice.com/contact,4025042113,nbmutchie@gmail.com,4.5,15,,,,,,,,1,1,0,0,0,0,0,1,1,1,https://www.facebook.com/mutchietreeservice,,https://www.linkedin.com/company/6411754,,,"Tree service in Douglas County, Nebraska",google-places,1,0,0,8560141
,"Modern Grind","6715 N 92nd Suite 1A, Omaha, NE 68122",https://www.modern-grind.com,4027047463,contact@modern-grind.com,,,,,,,,,,0,0,0,0,0,0,0,0,0,0,,,https://www.linkedin.com/company/themoderngrind,,,"Stump Removal & Grinding",yellowpages,1,0,0,337879929
,"Martinez Yard Services","Ralston, NE 68127",https://www.martinezyardservices.com,4022083444,,,,5,4,,,,,,1,1,1,0,0,0,0,1,1,0,https://connect.facebook.net/en_US/sdk.js#xfbml=1&version=v16.0,,,,https://www.instagram.com/martinezyardservices/,"Landscaping,Gardeners,Pressure Washers",yelp,1,0,0,135855550
,"Kozy Lawn Care, Inc.","5701 N 60th St, Omaha, NE 68104",https://www.kozylawncare.com/,4024555296,kozyman@msn.com,2.3,160,,,,,140,44,162,1,1,0,0,0,0,0,1,1,0,https://www.facebook.com/kozylawn,http://twitter.com/share?url=https://www.kozylawncare.com/1/post/2024/12/does-sledding-in-winter-hurt-my-lawn.html,https://www.linkedin.com/company/kozy-lawn-care,,,"Lawn care service in Omaha, Nebraska",google-places,1,0,0,311904614
,"Juan's Yard and Landscaping Maintenance LLC","1707 South 9th Street, Omaha, NE 68108",https://www.juanslandscapingomaha.com,5313253344,juansyardandlandscaping@gmail.com,,,,,,,243,9,245,1,1,0,0,0,0,0,0,1,0,https://www.facebook.com/people/Juan-Yard-Landscaping-Maintenance-LLC/100064940415545/,,,,,"Tree Service,Landscape Contractors,Masonry Contractors",yellowpages,1,0,0,460347833
,"Scape Ground Effects Lawn and Land","6135 Holmes St, Omaha, NE 68117",https://www.groundeffectsomaha.com,4025025173,info@groundeffectsomaha.com,,,,,,,,,,1,0,0,0,0,0,0,1,1,1,https://www.facebook.com/GroundEffectsOmaha/,,,,https://www.instagram.com/groundeffectsomaha/,"Tree Service,Landscape Contractors,Landscape Designers & Consultants",yellowpages,1,0,0,337880107
,"Grass Cut Right, Inc.","Omaha, NE 68137",https://www.grasscutrightinc.com,4023501050,grasscutrightinc@gmail.com,4.3,14,,,,,,,,1,1,0,0,0,0,0,1,1,0,https://www.facebook.com/profile.php?id=100054606003387,,,,,"Tree Service,Gardeners,Landscaping & Lawn Services",yellowpages,1,0,0,500647038
,"Enfield's Tree Service, Inc.","20560 Park Rd, Elkhorn, NE 68022",https://www.enfieldstreeservice.com/,4022893248,savetrees@att.net,4.3,43,,,,,,,,1,1,0,0,0,0,0,0,1,0,,,,,,"Tree service in Omaha, Nebraska",google-places,1,0,0,8560016
,"A Purfect Dreamscape","Serving theOmaha Area",https://www.dreamscapepools.us/,4029604473,dreamscapepoolsllc@gmail.com,5,18,,,,,,,,1,1,1,0,0,0,0,1,1,1,https://www.facebook.com/dreamscapepool,,,,,"Tree Service,Lawn Maintenance,Landscaping & Lawn Services",yellowpages,1,0,0,159694488
,"The Davey Tree Expert Company","9215 Fremont St, Omaha, NE 68122",https://www.davey.com/residential-tree-services/local-offices/omaha-tree-service-company/?utm_source=google&utm_medium=organic&utm_campaign=gmb&utm_content=RC_Omaha,4023789899,info@davey.com,4.5,99,,,,,,,,1,1,1,0,0,0,0,1,1,0,https://www.facebook.com/DaveyTree,https://twitter.com/DaveyTree,http://www.linkedin.com/company/the-davey-tree-expert-company,http://www.youtube.com/user/DaveyTreeExpertCo,https://instagram.com/DaveyTree/,"Tree service in Douglas County, Nebraska",google-places,1,0,0,337888216
,"CLC Landscapes","2910 F St, Omaha, NE 68107",https://www.clclandscapesinc.com/contact,4027348088,andrew@clclandscapesinc.com,,,,,,,,,,1,1,0,0,0,0,0,1,1,0,,,,,,"Tree Service,Landscape Contractors,Landscape Designers & Consultants",yellowpages,1,0,0,122607248
,"Cisneros Tree Service","1010 South 25th Street, Omaha, NE 68105",http://www.cisnerostreeservice.com,4025784782,info@cisnerostreeservice.com,4.9,93,,,,,,,,1,0,0,0,0,0,0,0,1,0,,,,,,"Tree Service,Arborists,Stump Removal & Grinding",yellowpages,1,0,0,337879874
,"Borwick's Property Maintenance","704 Hazel St, Council Bluffs, IA 51503",https://www.borwicks.com,7123143207,russell@borwicks.com,1,1,,,,,,,,1,0,0,0,0,0,0,0,1,0,,,,,,"Tree Service,Lawn Maintenance,Snow Removal Service",yellowpages,1,0,0,122607034
New,"ArborSystems, Inc.","Serving theOmaha Area",https://www.arborsystems.com/contact-us/contact-us,4023394459,orders@arborsystems.com,3.7,3,,,,,,,,1,0,0,0,0,0,0,1,1,1,http://www.facebook.com/177865828892174,,,https://www.youtube.com/watch?feature=player_profilepage&v=6TRgI2k3d0U,,"Tree Service,Tree Service Equipment & Supplies",yellowpages,1,0,0,561994306
,"Arbor Aesthetics Tree Service","6724 Irvington Rd, Omaha, NE 68122",http://www.arboraesthetics.com/,4024085600,info@arboraesthetics.com,5,439,,,,,,,,1,1,0,0,0,0,0,1,1,1,https://www.facebook.com/arbor.aesthetics.tree.service,,,,,"Tree service in Douglas County, Nebraska",google-places,1,0,0,8559755
,"Amerilawn of Nebraska","10922 Sapp Brothers Dr, Omaha, NE 68138",https://www.amerilawn.com/about,4023313669,info@amerilawn.com,,,,,,,1201,,1100,1,1,1,1,0,0,0,1,1,1,https://www.facebook.com/amerilawn/,https://twitter.com/amerilawn,https://www.linkedin.com/company/amerilawn,,https://www.instagram.com/amerilawnlandscaping/,"Tree Service,Sod & Sodding Service,Landscape Designers & Consultants",yellowpages,1,0,0,135854740
,"American Arborist","6942 N 97th Cir, Omaha, NE 68122",http://americanarborist.biz,4024788733,jayna@americanarborist.biz,4.6,85,,,,,,,,1,1,0,0,0,0,0,0,1,0,http://www.facebook.com/2008/fbml,,,https://www.youtube.com/channel/UCX4AOvDF7LcCGhZRiR9OW4A,https://www.instagram.com/american_arborist/,"Tree service",google,1,1,0,8560026
,"American Arborist","6942 N 97th Cir, Omaha, NE 68122",http://www.americanarborist.biz/,4024788733,info@americanarborist.biz,4.6,85,,,,,,,,1,1,0,0,0,0,0,0,1,0,http://www.facebook.com/2008/fbml,,,https://www.youtube.com/channel/UCX4AOvDF7LcCGhZRiR9OW4A,https://www.instagram.com/american_arborist/,"Tree service in Omaha, Nebraska",google-places,1,0,0,272481122
,"All American Landscape Design, Inc.","Serving, Omaha, NE 68116",https://www.allamericanlandscapedesign.com,4024080000,support@allamericanlandscapedesign.com,4.3,23,,,,,639,9,672,1,1,0,0,0,0,0,1,1,1,https://www.facebook.com/allamericanlandscapedesign/,,https://www.linkedin.com/company/all-american-landscape-design-inc,https://www.youtube.com/embed/qqKN1gVaHNU?&autoplay=0&controls=1&fc=1&loop=0&rel=1,https://www.instagram.com/allamericanlandscapedesign/,"Tree Service,Landscape Contractors,Garden Centers",yellowpages,1,0,0,122607234
,"A & C Tree Service","7220 S 42nd St, Bellevue, NE 68147",http://actreeservices.net/,4026891471,a_ctree@cox.net,3,4,,,,,,,,1,1,0,0,0,0,0,1,1,1,https://www.facebook.com/actreeservice,,,,,"Tree service in Bellevue, Nebraska",google-places,1,0,0,8560242
,"Absolute Tree Service","PO Box 34580, Omaha, NE 68134",https://www.absolutetreeservicene.com/,4022084671,absolutetreeomaha@gmail.com,5,2,,,,,,,,1,1,0,0,0,0,0,0,1,0,https://www.facebook.com/Absolute-Tree-Service-755027161307241/,https://twitter.com/AbsoluteTreeSe,"http://www.linkedin.com/shareArticle?mini=true&url=https%3A%2F%2Fwww.absolutetreeservicene.com&title=Check this coupon out!",,,,bing,1,0,0,8559941
,"Vaida's Tree Service","5206 Timberridge Dr, Papillion, NE 68133",https://vaidatreeservice.com,4025103401,,3,2,,,,,,,,0,0,0,0,0,0,0,0,0,0,,,,,,"Tree Service,Landscape Designers & Consultants,Landscape Contractors",yellowpages,1,0,0,135855384
,"Tree Services of Omaha","7711 Bondesson St, Omaha, NE 68122",http://www.treeservicesomaha.com/,4026504773,treeservicesofomaha@gmail.com,4.5,21,,,,,10948,766,10000,1,1,0,0,0,0,0,1,1,1,https://www.facebook.com/TreeServicesOmahaNE/,,https://www.linkedin.com/company/tree-services-of-omaha?trk=tyah&trkInfo=clickedVertical%3Acompany%2CclickedEntityId%3A10363637%2Cidx%3A2-1-2%2CtarId%3A1452526791641%2Ctas%3Atree+services+of+,https://www.youtube.com/LincolnNETreeService,https://instagram.com/tree_services_of_omaha,"Tree service in Omaha, Nebraska",google-places,1,0,0,8559968
New,"A to Z Trees and More, LLC","12025 Pierce Plaza, Omaha, NE 68144",https://treeservice-omaha.com/,4024157982,,4.7,13,,,,,,,,1,1,0,0,0,0,0,1,1,1,,,,,,,bing,1,0,0,562006438
New,"Tree Care Service Omaha","Omaha, NE 68116",https://treecareserviceomaha.com/,4028097799,contact@treecareserviceomaha.com,,,,,,,,,,1,1,0,0,0,0,0,1,1,1,https://www.facebook.com/treecareserviceomaha/,https://twitter.com/intent/tweet?url=https://treecareserviceomaha.com/easy-way-to-remove-tree-stumps-no-heavy-equipment-needed/,https://www.linkedin.com/company/tree-care-service-omaha/,https://www.youtube.com/@treecareserviceomaha,https://www.instagram.com/treecareserviceomaha/,,google-places,1,0,0,561995684
,"Tree Choppers","2218 L St, Omaha, NE 68107",https://tree-choppers.com/,4024131807,adam@tree-choppers.com,4.9,10,,,,,,,,1,1,0,0,0,0,0,1,1,1,https://www.facebook.com/treechoppersforhire,,,https://www.youtube.com/channel/UCloRA7XmgNvePspdN6cs6Pg,,"Tree service in Omaha, Nebraska",google-places,1,0,0,8559964
New,"Nebraska Tree&Snow LLC","6517 Irvington Rd, OMAHA, NE 68122",https://streetviewpixels-pa.googleapis.com/v1/thumbnail?panoid=Jh8I6z2rRjHzebC3vN1FDA&cb_client=search.gws-prod.gps&w=360&h=120&yaw=77.61321&pitch=0&thumbfov=100,4022109248,,5,2,,,,,,,,0,0,0,0,0,0,0,0,1,0,,,,,,,bing,1,0,0,562006499
,"ShurLawn & Landscape","10816 N 62nd St, Omaha, NE 68152",https://shurlawn.com,4026991772,info@shurlawn.com,4.6,9,,,,,,,,1,1,1,0,0,0,0,1,1,1,https://www.facebook.com/shurlawn/,https://twitter.com/Shurlawn_Inc,,,https://www.instagram.com/shurlawnomaha,"Tree Service,Landscape Designers & Consultants,Gardeners",yellowpages,1,0,0,533602735
,"Ryan Lawn & Tree","4151 S 84th St, Omaha, NE 68127",https://ryanlawn.com/locations/omaha-ne/,4027381718,admin@cmsoutdoor.com,4.6,52,,,,,,,,1,1,1,0,0,0,0,1,1,1,https://www.facebook.com/ryanlawntreeKansasCity/,,https://www.linkedin.com/company/ryan-lawn-&-tree/,https://www.youtube.com/user/ryanlawnandtree,https://www.instagram.com/ryanlawn/,"Lawn care service in Omaha, Nebraska",google-places,1,0,0,39210173
,"Ryan Lawn & Tree","4151 S 84th St, Omaha, NE 68127",http://ryanlawn.com,4027381718,sebastianjennings@ryanlawn.com,4.6,52,,,,,2518,14,,1,1,1,0,0,0,0,1,1,1,https://www.facebook.com/ryanlawntreeKansasCity/,,https://www.linkedin.com/company/ryan-lawn-&-tree/,https://www.youtube.com/user/ryanlawnandtree,https://www.instagram.com/ryanlawn/,"Lawn care service",google,1,0,0,75961421
,"Rotten Rock Hardscaping and Tree Service","Serving theOmaha Area",https://rusticrootslandscaping.com/?utm_source=localsearch&utm_medium=directory&utm_campaign=lso,8009359972,info@rusticrootslandscaping.com,5,6,,,,,,,,1,1,1,0,0,0,0,1,1,1,https://www.facebook.com/rusticrootsNE,,,,https://www.instagram.com/rusticrootslandscaping/,"Tree Service,Landscape Designers & Consultants,Landscape Contractors",yellowpages,1,0,0,159694794
,"Rexroad Tree Service","307 Anna Ave, Bellevue, NE 68005",https://rexroad-tree-service.square.site/,4022151277,hi@mystore.com,4.5,35,,,,,,,,1,1,0,0,0,0,0,0,1,0,,,,,,"Tree service in Bellevue, Nebraska",google-places,1,0,0,337885510
,"Nebraska Pro Turf Lawn Service","8616 I St, Omaha, NE 68127",https://proturflawn.com,4023399036,contact-us@proturfpropest.com,4.7,355,,,,,600,28,723,1,0,1,0,0,0,0,1,1,1,https://www.facebook.com/ProTurf/,,https://www.linkedin.com/company/pro-turf-lawn-svc,,,"Tree Service,Landscaping & Lawn Services,Pest Control Services",yellowpages,1,0,0,135854553
,"Premier Tree Professionals","4730 S 150th St, Omaha, NE 68137",https://premiertreeprofessionals.com/,4028891881,contact@premiertreeprofessionals.com,5,11,,,,,,,,1,1,1,0,0,0,0,1,1,1,https://www.facebook.com/premiertreeprofessionals%20,,https://www.linkedin.com/company/premier-tree-professionals,,,"Tree service in Omaha, Nebraska",google-places,1,0,0,337890082
,"Precision Turf","Omaha, NE 68104",https://precisionturfomaha.com,4027065999,precisionfert@gmail.com,,,,,,,620,,681,1,1,0,0,0,0,0,1,1,1,https://www.facebook.com/precisionfert/,,https://www.linkedin.com/company/precisionturfomaha,,https://www.instagram.com/precisionturfomaha/,"Tree Service,Mulches,Landscaping & Lawn Services",yellowpages,1,0,0,500647044
,"Petersen's Dependable Quality Landscaping","15309 Harvest Ln, Bennington, NE 68007",https://pdqlandscaping.net/contactus.html,4026918346,dale@pdqlandscaping.net,,,,,,,,,,1,0,0,0,0,0,0,0,1,0,,,https://www.linkedin.com/company/pdq-landscaping,,,"Tree Service,Landscape Contractors,Retaining Walls",yellowpages,1,0,0,122607304
,"Papio Valley Nursery","11015 S 48th St, Papillion, NE 68133",https://papiovalley.com,5313548717,alan@papiovalley.com,4.3,16,,,,,901,100,999,1,1,0,0,0,0,0,1,1,0,https://www.facebook.com/PapioValleyNursery/,,,,,"Tree Service,Lawn & Garden Equipment & Supplies,Florists",yellowpages,1,0,0,135855028
,"Omaha Tree Service","3606 McKinley St, Omaha, NE 68112",https://omahatree.com/,4025739573,info@omahatree.com,4.4,87,,,,,,,,1,1,0,0,0,0,0,1,1,1,https://connect.facebook.net/en_US/fbevents.js,https://twitter.com/omaha_tree,,,https://www.instagram.com/omahatree/,"Tree service in Omaha, Nebraska",google-places,1,0,0,8559758
New,"Midwest Roots","Serving theOmaha Area",https://midwestroots.info,4023064724,info@indiantypefoundry.com,,,,,,,,,,1,1,0,0,0,0,0,1,1,0,https://www.facebook.com/midwestrootsomaha,,,https://www.youtube.com/@midwestrootsomaha,https://www.instagram.com/midwestrootsomaha,"Tree Service,Tree Service Equipment & Supplies,Dump Truck Service",yellowpages,1,0,0,561994221
,"M&A Tree Service, Construction And Landscaping","2312 S 14th St, Omaha, NE 68108",http://matreeservicelandscaping.com,4027076090,hello@rfuenzalida.com,4.9,104,,,,,,,,1,0,0,0,0,0,0,1,1,0,,,,,,"Tree service",google,1,0,0,274911691
,"Outdoor Experts, Inc","Serving theOmaha Area",https://lh3.googleusercontent.com/p/AF1QipN7KL9tCiIdzR3vTb142X0uv0j_WCsNJ4qD0Ihb=w360-h270-k-no,4029810505,info@outdoorexpertsco.com,4.6,11,,,,,,,109,0,0,0,0,0,0,0,0,1,0,,,,,,"Tree Service,Landscape Contractors,Landscape Designers & Consultants",yellowpages,1,0,0,159694362
,"Knotheads Wood Services LLC","6201 N 132nd St, Omaha, NE 68164",http://knotheadswoodservices.com,4029570072,melissa@knotheadswoodservices.com,4.9,51,,,,,,,,1,1,0,0,0,0,0,1,1,0,,,,,,"Firewood supplier",google,1,0,0,519981293
New,"Knotheads Wood Services LLC","6201 N 132nd St, Omaha, NE 68164",https://knotheadswoodservices.com/contact,4029570072,knotheadswoodservices.com@contactprivacy.com,4.9,51,,,,,,,,1,1,0,0,0,0,0,1,1,0,https://facebook.com/Knotheads-Wood-Services-755442988146601/?tn-str=k*F,,,,https://instagram.com/knotheads_wood_services_,"Firewood supplier in Douglas County, Nebraska",google-places,1,0,0,561996947
New,"Hoss Tree Solutions",Omaha,https://hosstreesolutions.my.canva.site/hoss-tree-solutions,6603466800,hosstreesolutions@gmail.com,4.3,12,,,,,,,,1,1,0,0,0,0,0,0,1,0,,,,,,"Tree Services",yelp,1,0,0,562003069
,"Great Plains Tree Care","18512 Q St, Omaha, NE 68135",https://greatplainstreecare.com/,4025412831,greatplainstreecare@gmail.com,,,,,,,,,,1,1,1,0,0,0,0,1,1,1,https://www.facebook.com/greatplainstreecare,,,https://www.youtube.com/channel/UCXjMwt-R99UYGG0oQhc9Rng,https://www.instagram.com/greatplainstreecare/,,google-places,1,0,0,8559945
,"Will Potter Landscaping","6110 Ruggles St, Omaha, NE 68104",https://go.thryv.com/site/WillPotterLandscaping,4028809952,meredith.rhoades@thryv.com,5,3,,,,,,,,1,1,0,0,0,0,0,1,1,0,,,,,,"Tree Service,Landscape Designers & Consultants,Gardeners",yellowpages,1,0,0,337880619
,"Frank's Tree Service","13054 Sky Park Drive, Omaha, NE 68137",https://frankstreeservice.localsearch.com,8554723082,fschieffer1@cox.net,,,,,,,,,,1,1,0,0,0,0,0,1,1,0,,,,,,"Tree Service",yellowpages,1,0,0,534391460
New,"Felix's Tree & Landscaping Services","Serving theOmaha Area",https://felixstreeandlandscaping.com/contact-us,4024150047,sales@felixstreeandlandscaping.com,4.1,8,,,,,,,,1,1,0,0,0,0,0,1,1,1,https://www.facebook.com/Felixs-Tree-and-Landscaping-100213518944711,,,,https://instagram.com/felixstreeandlandscaping?utm_medium=copy_link,"Tree Service,Landscape Contractors",yellowpages,1,0,0,561994265
,"Eden Tree Pros","13548 S 220th St Suite 2, Gretna, NE 68028",https://edentreepros.com/?utm_source=omg-gbp&utm_medium=webclick,4023322839,eden@edentreepros.com,4.7,186,,,,,,,,1,1,0,0,0,0,0,1,1,1,https://www.facebook.com/edentreepros,,,,https://www.instagram.com/edentreeproslandscape/,"Tree service in Gretna, Nebraska",google-places,1,0,0,337881201
New,"Delavan Tree Service","914 N Locust St, Glenwood, IA 51534",https://delavantreeservice.com,4029809854,,5,4,,,,,,,,1,0,0,0,0,0,0,1,1,1,,,,,,"Tree Service,Stump Removal & Grinding",yellowpages,1,0,0,561994351
,"CJ's Total Services","10622 Poppleton Ave, Omaha, NE 68124",https://cjstotalservices.com,4026304003,office@cjstotalservices.com,4.2,5,,,,,,,,1,1,0,0,0,0,0,1,1,0,https://www.facebook.com/1494830684098287,,,,,"Tree Service,Mulches,Stump Removal & Grinding",yellowpages,1,0,0,561994071
New,"Champion Tree","Serving theOmaha Area",https://championtreeomaha.com,4026123451,,5,75,,,,,,,,0,0,0,0,0,0,0,1,1,0,,,,,,"Tree Service,Arborists",yellowpages,1,0,0,561994229
,"Buckeye Services","14206 S 96th St, Papillion, NE 68046",https://buckeyeservices.net,4026700879,troykrasser@yahoo.com,5,10,,,,,,,,1,1,0,0,0,0,0,0,1,0,,,,,,"Tree Service,Gardeners,Landscape Designers & Consultants",yellowpages,1,0,0,135855391
,"Brothers Tree Service LLC","1135 S 28th St, Omaha, NE 68105",http://brotherstreeservice.weebly.com,4028123690,brotherstreeservice03@gmail.com,4.7,19,,,,,,,,1,0,0,0,0,0,0,1,1,0,facebook.com/weebly,//twitter.com/weebly,,,//instagram.com/weebly,"Tree service",google,1,0,0,337893365
New,"Atrium Tree Service","1508 N Saddle Creek Rd, Omaha, NE 68104",https://atriumtreeservicellc.com/about-us/,4029918111,grant@atriumtreeservicellc.com,,,,,,,,,,1,1,1,0,0,0,0,1,1,1,https://www.facebook.com/AtriumTreeService,,https://www.linkedin.com/company/atrium-tree-service/posts/?feedView=all,,https://www.instagram.com/atrium_tree/,,google-places,1,0,0,561996069
,"Asplundh Tree Expert","5906 S 77th St, Omaha, NE 68127",http://asplundh.com,4029642222,hrsupport@asplundh.com,4.2,5,,,,,,,,1,1,0,0,0,0,0,1,1,1,https://www.facebook.com/Asplundh-Tree-Expert-LLC-881065135374193/,https://twitter.com/Asplundh_Tree,https://www.linkedin.com/company/asplundhtree,,https://www.instagram.com/asplundh_tree/,"Tree Service",yellowpages,1,0,0,337880353
,"Alff Construction","10011 J St Ste 6, Omaha, NE 68127",https://alffco.com,4026991413,info@gmail.com,4.6,107,,,,,148877,,150000,1,0,0,0,0,0,0,1,1,1,,,https://www.linkedin.com/company/alffconstruction,,,"Tree Service,Mulches,Landscape Designers & Consultants",yellowpages,1,0,0,122607127
,"Accurate Lawn & Irrigation","21 N 8th St, Council Bluffs, IA 51503",https://accuratelawns.com/contact-us,7122563500,info@accuratelawns.com,3.8,15,,,,,,,,1,0,0,0,0,0,0,1,1,0,https://www.facebook.com/AccurateLawnAndIrrigation/,,https://www.linkedin.com/company/accurate-lawn-care,,,"Tree Service,Sprinklers-Garden & Lawn,Property Maintenance",yellowpages,1,0,0,346559232
,"West Michigan Tree Services","Serving theOmaha Area",http://www.westmichigantreeservices.com,8003567414,info@westmichigantreeservices.com,,,,,,,,,,1,0,0,0,0,0,0,1,1,1,,,,,,"Tree Service",yellowpages,1,0,0,561994273
,"Turf Care, Inc.","Serving theOmaha Area",http://www.turfcareomaha.com,4028956004,hello@fournineteenweddings.com,,,,,,,,,3500,1,1,0,0,0,0,0,0,0,1,https://www.facebook.com/419Weddings,http://www.twitter.com/419weddings,https://www.linkedin.com/company/turf-care-inc,,,"Tree Service,Lawn Maintenance,Landscaping & Lawn Services",yellowpages,1,0,0,532186838
,"Tuff Turf Lawn Care Inc","751 W 6th St, Papillion, NE 68046",http://www.tuff-turflandscaping.com/,4025960413,tuffturflawn@yahoo.com,2.9,17,,,,,262,11,259,1,1,0,1,0,0,0,1,1,0,https://facebook.com/271994532969755,,,,,"Tree Service,Lawn Maintenance,Snow Removal Service",yellowpages,1,0,0,122607176
,"Trees, Shrubs & More","3803 Cornhusker Rd, Bellevue, NE 68123",http://www.treesshrubsandmore.com,4022919374,kay@treesshrubsandmore.com,4.6,241,,,,,2460,886,2600,1,0,0,0,0,0,0,1,1,1,https://www.facebook.com/pages/Trees-Shrubs-More-Inc/347643526579,,,,https://www.instagram.com/treesshrubsandmore,"Tree Service,Landscape Designers & Consultants,Snow Removal Service",yellowpages,1,0,0,243327935
,"Tree Smiths","Serving theOmaha Area",http://www.treesmiths.wix.com/MYSITE,4025052920,wix-team@registrar.wix.com,,,,,,,,,,0,0,0,0,0,0,0,0,0,0,,,,,,"Tree Service",yellowpages,1,0,0,561994282
,"Total Tree Service Omaha","7914 W Dodge Rd Unit 411, Omaha, NE 68114",http://www.totaltreeserviceomaha.com,4023163220,,,,,,,,,,,1,0,0,0,0,0,0,1,0,0,,,,,,"Tree Service,Arborists,Stump Removal & Grinding",yellowpages,1,0,0,337879964
,"Torpy Tree Service","2856 S 167th St, Omaha, NE 68130",http://www.torpytreeservice.com/,4023339664,torpytreeservice@gmail.com,,,,,,,,,,1,0,0,0,0,0,0,1,0,1,https://www.facebook.com/torpytreeservice,https://twitter.com/TorpyTrees,,http://www.youtube.com/user/torpytree,,,google-places,1,0,0,8560211
New,"Torpy Tree Care","1819 N 95th Plz, Omaha, NE 68114",http://www.torpytree.com,4025536698,,,,,,,,,,,0,0,0,0,0,0,0,0,0,0,,,,,,"Tree Service",yellowpages,1,0,0,561994057
,"Tim's Mulch","7502 Crown Point Ave, Omaha, NE 68134",http://timsmulch.com,4029057354,bwardell@timsmulch.com,4.5,22,,,,,,,,1,1,0,0,0,0,0,0,1,0,https://www.facebook.com/profile.php?id=100091930751183,,,,,"Mulch supplier",google,1,0,0,337899653
,"Sunworks Tree Services","17911 Pine St, Omaha, NE 68130",http://www.sunworkslawns.com/,4028844211,sunworks@cox.net,4.9,213,,,,,438,,472,1,0,0,0,0,0,0,1,1,0,https://www.facebook.com/sunworkslawns,,,https://www.youtube.com/watch?v=rYWP061JQaA,,"Tree service in Omaha, Nebraska",google-places,1,0,0,8559942
,"Smithers Lawncare/Landscaping","6009 Green Acres Ln, Fort Calhoun, NE 68023",http://www.smithersinc.com,4024685051,vicki@smithersinc.com,,,,,,,186,,186,1,0,0,0,0,0,0,1,1,1,https://www.facebook.com/smithersinc,,,,,"Tree Service,Lawn Maintenance,Landscape Designers & Consultants",yellowpages,1,0,0,122607074
,"Simply Tree Care","5315 Bay Meadows Rd, Omaha, NE 68127",http://www.simplytreecare.com/,4026300384,gabe@simplytreecare.com,4.8,17,,,,,,,,1,1,0,0,0,0,0,1,1,0,http://www.facebook.com/simplytreecare,,,,https://www.instagram.com/simplytreecare/,"Tree service in Omaha, Nebraska",google-places,1,0,0,8559975
,"A Dependable Stump Removal","Serving theOmaha Area",http://www.seanrosspainting.com,4025780861,seanrosspainting@gmail.com,,,,,,,,,95,1,1,0,0,0,0,0,0,1,0,https://web.facebook.com/people/Sean-Ross-Painting/100064830552492/,https://twitter.com/SeanRossPaint,https://www.linkedin.com/company/sean-ross-painting,,,"Tree Service,Landscaping & Lawn Services,Lawn Maintenance",yellowpages,1,0,0,159694799
,"Scotts LawnService","8550 S 137th Cir Ste 8, Omaha, NE 68138",http://www.scotts.com,4025718433,robert.luria@scotts.com,,,,,,,328128,,324000,1,1,0,1,0,0,0,1,1,0,https://www.facebook.com/scottslawn/,https://twitter.com/scottslawn,https://www.linkedin.com/company/scotts-co,https://www.youtube.com/playlist?list=PLH9-88NaTrfz60j0M627ep_mBNXrtDulo,https://www.instagram.com/scottslawn/?hl=en,"Tree Service,Landscaping & Lawn Services,Pest Control Services",yellowpages,1,0,0,135854760
,"Rooted Tree Specialists","13520 Giles Rd, Omaha, NE 68138",http://www.rootedtreespecialist.com/,4028816442,amy@rootedtreespecialist.com,5,32,,,,,,,606,1,1,1,0,0,0,0,1,1,1,https://www.facebook.com/rootedtreespecialists,,https://www.linkedin.com/company/rooted-tree-specialists,,https://www.instagram.com/rootedtreespecialists/,"Tree service in the Chalco, Nebraska",google-places,1,0,0,337885571
,"Robert's Nursery, Landscapes & Lawns","6056 N 156th St, Omaha, NE 68116",http://www.robertslln.com,4025513654,robert@robertslln.com,4.4,140,,,,,,,,1,1,0,0,0,0,0,1,1,0,"https://www.facebook.com/Roberts-Nursery-109146029107967/\",,,,,Tree Service","Lawn Maintenance","Landscape Designers & Consultants""",yellowpages,1,0,0,122607018
,"Professional Tree Care","Serving theOmaha Area",http://www.protreecareok.com,8004228733,protree-enid@ionet.net,,,,,,,,,,1,1,0,0,0,0,0,0,1,0,https://facebook.com/Professional-Tree-Care-282517198834246,,,,,"Tree Service",yellowpages,1,0,0,561994237
,"P L C Lawn & Landscaping","1120 9th Ave, Council Bluffs, IA 51501",http://www.plclandscaping.com,7123239318,wayne@plclandscaping.com,4.6,10,,,,,102,4,107,1,0,0,0,0,0,0,1,1,0,https://www.facebook.com/plclawnandlandscaping/,,,,,"Tree Service,Landscape Contractors,Landscaping & Lawn Services",yellowpages,1,0,0,346559217
,"Pest Control Center Inc.","Serving theOmaha Area",http://www.pestcontrolcenter.com,8003037707,dscoville@pestcontrolcenter.com,,,,,,,1079,14,1000,1,1,0,0,0,0,0,1,1,1,,https://twitter.com/PestControlCtr,https://www.linkedin.com/company/pest-control-center,,,"Tree Service,Pest Control Services",yellowpages,1,0,0,227030249
,"Tree Removal Services of Omaha","5713 N 117th Cir, Omaha, NE 68164",http://www.omahasfinesttreeservice.com,4026503266,,,,,,,,,,,1,0,0,0,0,0,0,1,0,0,,,,,,"Tree Service,General Contractors,Stump Removal & Grinding",yellowpages,1,0,0,109436824
,"Northern Tree Service","Serving theOmaha Area",http://www.northerntree.com,8002326132,pease@northerntree.com,4.8,369,,,,,,,,1,1,0,0,0,0,0,1,1,1,https://www.facebook.com/NorthernTreeNTS,,,,https://www.instagram.com/northerntreeservice/,"Tree Service",yellowpages,1,0,0,561994287
,"Mike & Twyla's Stump Removal","1604 Walnut Creek Dr, Papillion, NE 68046",http://www.mtstumpremoval.com/contact,4027316573,mtstumpremoval@gmail.com,4.4,14,,,,,,,,1,1,0,0,0,0,0,0,1,0,https://www.facebook.com/sharer/sharer.php?u=,,,,,"Tree Service,Snow Removal Service,Gardeners",yellowpages,1,0,0,554447114
,"M C R Landscaping","2215 S 14th St, Omaha, NE 68108",http://www.mcr-landscaping.com,4028137758,info@mcr-landscaping.com,,,,,,,64,,65,0,0,0,0,0,0,0,0,0,0,,,,,,"Tree Service,Landscape Contractors,Gardeners",yellowpages,1,0,0,478148317
,"Mayer Tree Service","Serving theOmaha Area",http://www.mayertree.com,8888862937,michaeld@mayertree.com,1,1,,,,,,,,1,1,1,0,0,0,0,1,1,1,https://www.facebook.com/MayerTreeService,https://twitter.com/mayertree,,https://www.youtube.com/channel/UCVDRblzKG8AKx_EoqY-5MAA,https://www.instagram.com/mayertreeservice/,"Tree Service",yellowpages,1,0,0,561994249
,"Limbwalker Tree Service","Serving theOmaha Area",http://www.limbwalking.com,8005590422,info@limbwalking.com,4.9,102,,,,,,,,1,1,1,0,0,0,0,1,1,1,,,,,,"Tree Service",yellowpages,1,0,0,561994250
,Lawnpro,"Serving theOmaha Area",http://www.lawnpromn.com,8007222268,sales@lawnpromn.com,,,,,,,,,,0,0,0,0,0,0,0,0,0,0,,,,,,"Tree Service,Landscape Designers & Consultants,Landscaping & Lawn Services",yellowpages,1,0,0,159694494
,"Kimball Tree Service","Serving theOmaha Area",http://www.kimballtreeservices.com/,4027071751,craigkimball1@hotmail.com,5,141,,,,,617,6,643,1,1,0,1,0,0,0,1,1,1,https://www.facebook.com/KimballTreeServices/?hc_ref=ARTO8-EYoxElit1UnW5Fd72MguiBVUDjYsliW23taNXbsTTQgDhZmdSUmpUmnS-TFlc&fref=nf,,,https://www.youtube.com/watch?v=mTKf_lJh2TM,,"Tree Service,General Contractors",yellowpages,1,0,0,109445831
,"R & R Hauling Demolition Tree Service and Junk Removal","2127 S 63rd St, Omaha, NE 68106",http://junkhaulingomaha.com,4022169706,robert.yourick@gmail.com,5,331,,,,,,,,1,1,0,1,0,0,0,1,1,0,https://www.facebook.com/279469208839794,,,,https://www.instagram.com/rrhauling,"Junk removal service",google,1,0,0,8563030
,"J H Hart Urban Forestry","Serving theOmaha Area",http://www.jhhart.com,8004049390,info@jhhart.com,4.6,82,,,,,,,,1,1,0,0,0,0,0,0,1,0,https://www.facebook.com/jhharturbanforestry,,,,https://www.instagram.com/jhharturbanforestry/,"Tree Service",yellowpages,1,0,0,561994233
,"Jaflo Inc","Serving theOmaha Area",http://www.jaflotrees.com,4842681277,jpflo@jaflotrees.com,,,,,,,,,,0,0,0,0,0,0,0,1,0,0,,,,,,"Tree Service",yellowpages,1,0,0,561994248
,"Terry Hughes Tree Services","15802 Fairview Rd, Gretna, NE 68028",http://hughestree.com,4025588198,wyatt@hughestree.com,4.8,687,,,,,,,,1,0,1,0,0,0,0,1,1,1,facebook.net/en_US/fbevents.js,,,,,"Tree service",google,1,0,0,8560692
,"Horton Tree Service","Serving theOmaha Area",http://www.hortontree.com,8002522334,johnny@hortontree.com,,,,,,,,,,0,0,0,0,0,0,0,0,1,0,,,,,,"Tree Service",yellowpages,1,0,0,561994281
New,"GP Lively Tree Company","8223 Keystone Dr, Omaha, NE 68134",http://www.gplivelytreeco.com,4027060110,,,,,,,,,,,1,0,0,0,0,0,0,1,1,0,,,,,,"Tree Service,Snow Removal Service,Tree Service Equipment & Supplies,Tree Service,Stump Removal & Grinding,Landscaping & Lawn Services,Tree Service,Tree Service,Landscape Contractors,Lawn Maintenance,Hardscape,Snow Removal Service,Tree Service,Carpet Insta",yellowpages,1,0,0,561994063
,"Jim Goucher Jr. Tree Service","Serving theOmaha Area",http://www.gouchertreeservice.com,8007930465,,4.9,19,,,,,,,,1,1,0,0,0,0,0,1,1,1,,,,,,"Tree Service",yellowpages,1,0,0,561994247
,"Forest Green - Lawn & Landscaping","8901 Sorensen Pkwy, Omaha, NE 68122",http://www.forestgreenlawncare.com/,4025560595,chris@forestgreenlawncare.com,4.2,69,,,,,718,38,795,1,1,1,0,0,0,0,1,1,1,https://www.facebook.com/ForestGreenLawnLandscaping,https://twitter.com/omahalawn,https://www.linkedin.com/company/forestgreenlawanandlandscaping,https://www.youtube.com/channel/UCYXjz5kqxvZGmtxMJZXU5NQ/feed,https://www.instagram.com/forestgreenlandscaping/,Landscaper,google-places,1,0,0,311902549
,"Farr's Tree Service","Serving theOmaha Area",http://www.farrstreevt.com,8002448481,farrstreeservice@yahoo.com,4.8,369,,,,,,,,1,1,0,0,0,0,0,0,1,0,https://facebook.com/Thryv,https://twitter.com/DexYPHQ/,http://linkedin.com/,,,"Tree Service",yellowpages,1,0,0,561994254
,"F & F Tree & Landscaping service LLC.","2424 S 12th St, Council Bluffs, IA 51501",http://www.fandftreeandlandscaping.com/,4028711495,,5,84,,,,,,,,1,1,0,0,0,0,0,0,1,0,https://connect.facebook.net/es_LA/sdk.js#xfbml=1&version=v3.2,,,,,"Tree service in Council Bluffs, Iowa",google-places,1,0,0,394879838
,"Elite Landscaping","17802 Storage Rd Ste B, Omaha, NE 68136",http://www.eliteteamoffices.com,4023307811,frontdesk@eliteteamoffices.com,4.3,28,,,,,1090,34,1100,1,1,0,0,0,0,0,1,1,1,https://www.facebook.com/eliteteamoffices,,https://www.linkedin.com/company/elite-team-offices/,,https://www.instagram.com/elite_team_offices/,"Tree Service,Landscape Designers & Consultants,Patio Builders",yellowpages,1,0,0,129732822
,"Eddie's Tree Service","Serving theOmaha Area",http://www.eddiestreeservice.com,6149023440,m.rejholec@eddiestreeservice.com,,,,,,,,,,0,0,0,0,0,0,0,0,0,0,,,,,,"Tree Service",yellowpages,1,0,0,561994280
New,"Duff Tree Service","Omaha, NE 68112",http://www.dufftreeservice.com,4029368050,andrew@dufftreeservice.com,4.9,46,,,,,,,,1,0,0,0,0,0,0,0,1,0,https://www.facebook.com/profile.php?id=61562295881078,,,,https://www.instagram.com/duff_tree_service/,"Tree Services",yelp,1,0,0,562003071
,"Drefs Tree Service Inc","Serving theOmaha Area",http://www.drefstreesvc.com,4027313671,,,,,,,,,,,1,1,0,0,0,0,0,0,1,0,,,,,,"Tree Service,Snow Removal Service",yellowpages,1,0,0,122607166
,"Drefs Tree Service","1803 Platteview Rd, Bellevue, NE 68123",http://www.drefstreeserviceinc.com,4027313672,,3.6,15,3.9,7,,,,,,1,1,0,0,0,0,0,1,1,0,facebook.net/en_US/sdk.js#xfbml=1&version=v2.8&appId=1822295708016537,,,,,"Tree Services,Firewood",yelp,1,0,0,127832964
,"Crew Lawn and Landscape","Serving theOmaha Area",http://www.crewlawnandlandscape.com,4029818688,bh@crewomaha.com,,,,,,,,,,1,1,0,0,0,0,0,0,1,0,https://www.facebook.com/pg/CrewLawnandLandscape/services/,,,,,"Tree Service,Mulches,Retaining Walls",yellowpages,1,0,0,122607348
,"Cornhusker Tree Services","7512 Kearney Ave, Omaha, NE 68138",http://www.cornhuskertree.com/,4028959044,support@cornhuskertree.com,4.6,32,,,,,,,,1,0,1,0,0,0,0,1,1,1,,,,,,"Tree service in the Chalco, Nebraska",google-places,1,0,0,8559955
,Chippers,"Serving theOmaha Area",http://www.chippersinc.com,8553181200,contactus@chippersinc.com,,,,,,,,,,1,1,0,0,0,0,0,1,1,1,https://www.facebook.com/ChippersInc/,https://twitter.com/chipperschatter,https://www.linkedin.com/company/chippers-inc./,,https://www.instagram.com/chippersinc/,"Tree Service",yellowpages,1,0,0,561994256
,"Carr's Tree Service Inc","Serving theOmaha Area",http://www.carrstreeservice.com,8884703355,evancts@carrstreeservice.com,4.8,369,,,,,,,,1,1,0,0,0,0,0,1,1,1,https://www.facebook.com/CarrsTreeServiceMN/,,,https://www.youtube.com/channel/UC_2A-Vzjl6J1rxu4Ox4uNuQ,,"Tree Service",yellowpages,1,0,0,561994246
,"Brewer Tree Service","407 Kountze Memorial Dr, Bellevue, NE 68005",http://www.brewertrees.com/,4028717792,info@brewertrees.com,4.6,10,,,,,,,,1,0,0,0,0,0,0,1,0,0,,,,,,"Tree service in Bellevue, Nebraska",google-places,1,0,0,8560341
New,"Knowlwes G Bourne & Co Inc","Serving theOmaha Area",http://www.berensconstruction.com/,8005648146,zach@berensconstruction.com,3.9,7,,,,,,,,1,0,0,0,0,0,0,1,1,1,,,,,,"Tree Service",yellowpages,1,0,0,561994236
,"Chico's Hauling & Landscaping","4533 S 20th St, Omaha, NE 68107",http://www.bavarianmotorsautosales.net,4028127591,,3.5,2,,,,,,,,1,0,0,0,0,0,0,1,1,0,,,,,,"Tree Service,Landscape Contractors,Retaining Walls",yellowpages,1,0,0,500646598
,"All Seasons Lawn & Landscape","10026 Kings Plz, Omaha, NE 68122",http://www.allseasonslawn-landscape.com,4028503021,ryan@allseasonsturfandtree.com,4.5,2,,,,,,,,1,1,0,0,0,0,0,1,0,0,,,,,,"Tree Service,Landscape Contractors,Landscape Designers & Consultants",yellowpages,1,0,0,478148113
,"Abs Tree Care","2606 Railroad Hwy, Council Bluffs, IA 51503",http://www.abstreecare.com,7122564840,info@abstreecare.com,,,,,,,,,,1,1,1,0,0,0,0,1,1,0,https://www.facebook.com/DaveyTree,https://twitter.com/DaveyTree,http://www.linkedin.com/company/the-davey-tree-expert-company,http://www.youtube.com/user/DaveyTreeExpertCo,https://instagram.com/DaveyTree/,"Tree Service,Stump Removal & Grinding",yellowpages,1,0,0,346152242
,"Well Rooted Gardens",,http://wellrootedgardens.com,4028007389,contact@wellrootedgardens.com,5,46,,,,,119,,156,1,1,1,0,0,0,0,1,1,1,https://www.facebook.com/WellRootedGardensOmaha,,https://www.linkedin.com/company/well-rooted-gardens,,https://www.instagram.com/wellrootedgardens/,Landscaper,google,1,0,0,8563046
,"Welch's Orchard Pumpkin Patch","17676 Sunnydale Rd, Council Bluffs, IA 51503",http://welchspumpkins.wixsite.com/patch,7123234723,welchspumpkins@gmail.com,4.8,69,,,,,,,,1,1,0,0,0,0,0,1,1,0,https://www.facebook.com/WelchsPumpkinPatch/,,,,,"Tree Service,Orchards,Fruit & Vegetable Markets",yellowpages,1,0,0,346153329
,"VIP Lawn & Landscape","Omaha 68103, Omaha, NE 68103",http://viplawnandlandscape.com,4025580170,info@viplawnandlandscape.com,,,,,,,,,,1,0,0,0,0,0,0,1,0,1,http://www.facebook.com/2008/fbml,,https://www.linkedin.com/company/vip-lawn-service,,,"Tree Service,Landscape Contractors,Landscape Designers & Consultants",yellowpages,1,0,0,478148112
,"Bp's Tree Service","Serving theOmaha Area",http://treeservicetulsa.com/,8643051439,bradypaselk@gmail.com,4.8,23,,,,,,,,1,1,0,0,0,0,0,1,1,1,http://www.facebook.com/rescueoklahoma/,,,,,"Tree Service",yellowpages,1,0,0,561994261
,"Terri Torpy","103 S 52nd St, Omaha, NE 68132",http://torpytree.com,4025728733,,,,,,,,,,,0,0,0,0,0,0,0,0,0,0,,,,,,"Tree Service",yellowpages,1,0,0,337880370
,"Tim's Tree Service","2721 5th Ave, Council Bluffs, IA 51501",http://timstreeservicecouncilbluffs.com,4025103975,support@thryv.com,,,,,,,,,,1,1,0,0,0,0,0,1,1,0,https://www.facebook.com/Thryv/,,,,,"Tree Service,Gardeners,Landscape Designers & Consultants",yellowpages,1,0,0,274909942
New,"The Tree Surgeon",,http://thetreesurgeonne.com,4026177413,,4.9,150,,,,,,,,1,1,1,0,0,0,0,1,1,1,https://www.facebook.com/trimanytree/,,,,,"Tree service",google,1,0,0,561997220
,"Monkey Man Tree Care","Omaha, NE 68152",http://superpages.dex-digital.com/har6zoDBblU,4026599546,admin@internationaladmin.com,,,,,,,,,,1,0,0,0,0,0,0,1,0,0,,,,,,"Tree Service,Arborists,Stump Removal & Grinding",yellowpages,1,0,0,122607017
,"Stump Removal of Omaha",,http://stumpremovalomaha.com,4028813681,stumpremovalofomaha@gmail.com,5,7,,,,,,,,1,0,0,0,0,0,0,1,1,1,,,,,,"Tree service",google,1,0,0,337903874
,"Mendoza Tree Care Services",,http://sites.google.com,4029814658,,4.6,11,,,,,,,,1,1,0,0,0,0,0,1,1,0,,,,,,"Tree service",google,1,0,0,562000067
New,SavATree,"13611 Energy Way, Waverly, NE 68462",http://savatree.com,4024768873,mgalvin@savatree.com,4.8,80,,,,,,,,0,0,0,0,0,0,0,0,0,0,,,,,,"Tree service",google,0,0,0,562001774
,"Robert's Nursery Landscapes & Lawns, LLC","6056 N 156th St, Omaha, NE 68116",http://robertsnurseries.com/,4025513654,diane@robertslln.com,4.4,140,,,,,,,,1,1,0,0,0,0,0,1,1,0,"https://www.facebook.com/Roberts-Nursery-109146029107967/\",,,,,Landscaper in Douglas County"," Nebraska""",google-places,1,0,0,38901314
,"Right Choice Services","3133 N 77th Cir, Omaha, NE 68134",http://right-choice-services.com,4023206104,rightchoiceservices@cox.net,5,2,,,,,,,,1,1,0,0,0,0,0,1,0,1,,,,,,"Tree Service,Mulches,Landscape Designers & Consultants",yellowpages,1,0,0,122607219
,"Redhawk Tree Service","309 Industrial Dr, Bellevue, NE 68005",http://redhawktreebellevue.com,4026518826,robclatterbuck@gmail.com,4.4,48,,,,,24,,23,1,1,0,0,0,0,0,1,1,0,https://www.facebook.com/RedHawk-Tree-Service-1118954108190210,https://twitter.com/RedHawkTreeSe,,,,"Tree Service,Landscape Designers & Consultants,Landscaping & Lawn Services",yellowpages,1,0,0,122607063
New,"Professional Tree Service","Serving theOmaha Area",http://professionaltreeservice.biz,4024516345,,,,,,,,,,,0,0,0,0,0,0,0,0,0,0,,,,,,"Tree Service,Stump Removal & Grinding,Arborists",yellowpages,1,0,0,561994295
,"Tree Services of Papillion",,http://papilliontreeservice.com,4026710687,papilliontreeservice.com@contactprivacy.com,4.8,12,,,,,,,,1,0,0,0,0,0,0,1,1,0,,,,,,"Tree service",google,1,1,0,337889107
,"Out On A Limb","Serving theOmaha Area",http://outonlimb.com,4028945462,,,,,,,,,,,0,0,0,0,0,0,0,0,0,0,,,,,,"Tree Service,Stump Removal & Grinding,Landscaping & Lawn Services",yellowpages,1,0,0,122607164
New,"Omaha Tree Pro LLC",,http://omahatreepro.com,4028073324,omahatreepro@gmail.com,5,3,,,,,,,,1,1,0,0,0,0,0,1,1,1,,,,,,"Tree service",google,1,0,0,562000625
,"M S Wiekhorst Arbor Company",,http://mswiekhorstarbor.com,4022156739,mswiekhorstarbor@yahoo.com,4.9,51,,,,,,,,1,1,0,0,0,0,0,1,1,0,https://www.facebook.com/MSWiekhorstArbor,,https://www.linkedin.com/company/mswarbor,,https://www.instagram.com/mswiekhorstarborco/,"Tree service",google,1,0,0,337892469
,"Moore's Landscaping & Nursery Inc.","11999 Cryer Ave., Omaha, NE 68144",http://mooresnursery.com,4023337515,andrea@mooresnursery.com,3.5,24,,,,,,,,1,1,0,0,0,0,0,0,1,0,http://www.facebook.com/2008/fbml,,,,https://www.instagram.com/moores.landscaping.and.nursery/?igsh=dHNiYTVmN2Mzdm91,"Tree Service,Landscape Contractors,Fountains Garden, Display, Etc",yellowpages,1,0,0,532186352
New,"Midgard Crane & Tree Service","7502 Crown Point Ave unit 3, Omaha, NE 68134",http://midgardcrane.com,4029577417,,5,5,,,,,,,,1,0,0,0,0,0,0,1,1,0,https://www.facebook.com/people/Midgard-Crane/61565273275403/?_rdr,,,https://www.youtube.com/@MidgardCrane,https://www.instagram.com/midgard_crane/,"Tree service",google,1,0,0,561996401
,"Marv’s Tree Service","6715 N 92nd St, Omaha, NE 68122",http://marvstreeservice.com,4024516777,trish@marvstreeservice.com,5,102,,,,,,,,1,1,0,0,0,0,0,1,1,0,https://www.facebook.com/882795395077385,,,,https://www.instagram.com/marvstreeservice,"Tree service",google,1,0,0,561993382
,"Lawnpowr, Inc.","14539 Grover St, Omaha, NE 68144",http://lawnpowr.com,4024938887,mike@lawnpowr.com,,,,,,,,,116,1,0,0,0,0,0,0,1,1,0,,,,,,"Tree Service,Lawn Maintenance,Landscaping & Lawn Services",yellowpages,1,0,0,389680431
,"Lawn Care Services Of Omaha",,http://lawncareservicesofomaha.com,4027159707,lawncareomaha402@gmail.com,5,9,,,,,,,50,0,0,0,0,0,0,0,1,1,0,,,https://www.linkedin.com/company/lawn-care-services-of-omaha,,,"Lawn care service",google,1,0,0,29482280
,"Lanoha Nurseries","19111 W Center Rd, Omaha, NE 68130",http://lanohanurseries.com,4022894103,treecheck@lanoha.com,4.3,429,,,,,8368,2923,10000,1,1,0,0,0,0,0,1,1,1,https://www.facebook.com/LanohaNurseries/,https://twitter.com/lanohanurseries,https://www.linkedin.com/company/lanoha-nurseries-inc.,,https://www.instagram.com/lanoha_nurseries/?hl=en,"Tree Service,Garden Centers,Landscape Designers & Consultants",yellowpages,1,0,0,135855034
New,"Dominic Landscaping & Tree Service","1212 S 25th Ave, Omaha, NE 68105",http://landscaper-ne.com/,4026001256,landscapingtreeservice.01@gmail.com,4,1,,,,,,,,1,1,0,0,0,0,0,1,1,1,,,,,,"Landscaper in Omaha, Nebraska",google-places,1,0,0,562000619
New,"KD Tree Service Omaha","7502 Crown Point Ave, Omaha, NE 68134",http://kdtreeservices.com,4027288733,info@kdtreeservices.com,5,3,,,,,,,,1,1,0,0,0,0,0,1,1,1,https://web.facebook.com/profile.php?id=61572728015617,,,,https://www.instagram.com/kdtreeserviceerie_?utm_source=ig_web_button_share_sheet&igsh=ZDNlZDc0MzIxNw%3D%3D,"Tree service",google,1,0,0,561996104
,"JTS TREE SERVICE LLC","16211 Franklin st, Omaha, NE 68118",http://jtstreeservice.weebly.com,4022080585,jts.johnfarrell@gmail.com,,,,,,,,,,1,0,0,0,0,0,0,1,1,0,https://www.facebook.com/JTStreeservice/,,,,,"Tree Service",yellowpages,1,0,0,337880351
,"JP Trees",,http://jptreesne.com,4029811652,jptreesne@gmail.com,5,75,,,,,,,,1,1,0,0,0,0,0,1,1,0,https://facebook.com/jptreesomaha&quot,,,,,"Tree service",google,1,0,0,337892730
,"Nagle's Tree Service","Serving theOmaha Area",http://jlgtreeservicellc.com/,8885822420,jlg.tree.llc@gmail.com,5,15,,,,,,,,1,1,0,0,0,0,0,0,1,0,https://facebook.com/profile.php?id=100082599849812,,,,https://instagram.com/jlg_tree_service_llc/,"Tree Service",yellowpages,1,0,0,561994253
,"Joseph Faust Enterprises","2124 Avenue L, Council Bluffs, IA 51501",http://jfelawnandlandscape.com,4026999351,jfaustenterprises@gmail.com,5,10,,,,,,,,1,1,0,0,0,0,0,1,1,1,https://www.facebook.com/profile.php?id=100063816750178,,,,https://www.instagram.com/josephfaustenterprisesllc/,"Tree Service,Landscape Contractors,Drainage Contractors",yellowpages,1,0,0,478149074
,"Jay Moore Landscaping","7607 D St, Omaha, NE 68124",http://jaymoorelandscaping.com,4029817800,jay@jaymoorelandscaping.com,3.9,15,,,,,,,,1,1,1,0,0,0,0,1,1,1,,,https://www.linkedin.com/company/jay-moore-landscaping/,,https://www.instagram.com/JayMooreLandscaping/,"Tree Service,Landscape Designers & Consultants,Landscape Contractors",yellowpages,1,0,0,122607280
,"I&E Stump Grinding LLC",,http://iandestumpgrinding.com,4026379139,iandestumpgrinding@outlook.com,5,23,,,,,4576803,,4671835,1,1,0,1,0,0,0,1,1,0,https://www.facebook.com/profile.php?id=100057314385064&amp,,,,https://www.instagram.com/i_and_e_stump_grinding,"Tree service",google,1,0,0,33645763
New,"Guerrero Climbers & Tree Care Services","2414 S 17th St, Omaha, NE 68108",http://guerreroclimbersandtreecareservices.com,4022015473,,,,,,,,,,,0,0,0,0,0,0,0,0,0,0,,,,,,"Tree Service",yellowpages,1,0,0,561994081
,"Gretna Tree Service","20013 Oak St, Gretna, NE 68028",http://gretnatreeservice.com,4027188408,gretnatreeservice.com@contactprivacy.com,,,,,,,,,,1,0,0,0,0,0,0,1,1,0,,,,,,"Tree Service,Arborists",yellowpages,1,0,0,337880678
,"Francisco's Tree and Landscaping",,http://franciscosservice.com,4026397407,franciscos-service@hotmail.com,5,38,,,,,,,,1,1,0,0,0,0,0,0,1,0,https://facebook.com/franciscostree,,,,,"Tree service",google,1,0,0,8560332
,"EMERGEN-TREE Health Services",,http://emergentreeomaha.com,4029904994,info@emergentreeomaha.com,5,13,,,,,,,,1,1,0,0,0,0,0,0,1,0,https://www.facebook.com/emergentreeomaha,,,,,"Tree service",google,1,0,0,8561129
,"Elkhorn Tree Service",,http://elkhorntreeservice.com,5319991494,elkhorntreeservice.com@contactprivacy.com,5,1,,,,,,,,1,1,0,0,0,0,0,1,1,0,,,,,,"Tree service",google,1,1,0,562002047
,"Edmonds Tree Service","16605 Iske Pl, bellevue, NE 68123",http://edmondstreeservicellc.com,4025700818,niclorenz26@hotmail.com,,,,,,,,,,1,1,0,0,0,0,0,1,0,0,https://www.facebook.com/pages/Edmonds-Tree-Service/1436167489951753,,,,,"Tree Service,Arborists,Stump Removal & Grinding",yellowpages,1,0,0,561994365
,"Dave's Stump Removal",,http://davesstumpremoval.com,4025719780,,4.4,11,,,,,,,,1,0,0,0,0,0,0,1,1,0,,,,,,"Tree service",google,1,0,0,8560648
New,"Cut & Grind Tree Care","16626 Miami St, Omaha, NE 68116",http://cutandgrindtreecare.com,4027149182,cutandgrindtreeandsnow@gmail.com,,,,,,,,,,1,1,0,0,0,0,0,1,0,0,https://www.facebook.com/cutandgrind/<br,,,,,"Tree Service,Arborists,Landscaping & Lawn Services",yellowpages,1,0,0,561994079
,"Brian's Tree Service",,http://btreeservice.co,4024270535,contact@btreeservice.co,5,23,,,,,,,,1,1,0,0,0,0,0,1,1,0,https://www.facebook.com/p/Brians-Tree-Service-61559051605942/?paipv=0&amp,,https://www.linkedin.com/company/104124391/admin/dashboard/,https://www.youtube.com/@BriansTreeServiceOmaha,https://www.instagram.com/btreeservice.co/,"Tree service",google,1,0,0,492777774
New,"Petnuia's Tree Service",,http://bryan2470.wixsite.com,4026122373,,5,25,,,,,,,,1,0,0,0,0,0,0,1,1,0,,,,,,"Tree service",google,1,0,0,561996014
,"Mike Litke's Tree Service",,http://besttreeserviceomaha.com,4026768395,lstepanek2@unl.edu,4.7,21,,,,,,,,0,0,0,0,0,0,0,1,1,0,,,,,,"Tree service",google,1,0,0,8561192
,"BCB Trees & Landscaping, LLC",,http://bcblandscaping.com,4022496466,dustinbcblandscaping@gmail.com,5,9,,,,,,,,1,1,1,0,0,0,0,1,1,1,https://www.facebook.com/people/BCB-Trees-Landscaping/61562679519789/,,,,,"Tree farm",google,1,0,0,460352999
,"Bautista Tree Service LLC",,http://bautistatreeservices.com,4027696388,,4.5,26,,,,,,,,0,0,0,0,0,0,0,0,1,0,,,,,,"Tree service",google,1,0,0,337893725
New,"Arbor Systems","10168 L St, Omaha, NE 68127",http://arborsystems.com,4023394459,chip@arborsystems.com,3.7,3,,,,,,,,1,0,0,0,0,0,0,1,1,1,http://www.facebook.com/177865828892174,,,https://www.youtube.com/user/treeresearch#p/u/1/XPGmBIe0Ugc,,"Tree service",google,1,0,0,562001952
,"Amanco Tree Services",,http://amancotreeservices.com,4025078599,amancotreeservice@gmail.com,4.8,111,,,,,,,,1,1,0,0,0,0,0,1,1,1,https://www.facebook.com/AmancoTree,,,,,"Tree service",google,1,0,0,337902520
,"All Tree & Landscaping Service",,http://alltreelands.com,4027070777,info@alltreelands.com,5,34,,,,,,,,1,1,0,0,0,0,0,1,1,1,https://www.facebook.com/profile.php?id=100067165131127,,,,,"Tree service",google,1,0,0,533416770
,"Acme Lawn & Tree","4840 S 137th St, Omaha, NE 68137",http://acmelawnandtree.com,4028940007,acme0007@cox.net,,,,,,,,,,1,1,0,0,0,0,0,1,1,0,https://www.facebook.com/pages/Acme-Lawn-and-Tree/303347086348160,,,,,"Tree Service,Landscaping & Lawn Services,Lawn Maintenance",yellowpages,1,0,0,554446968
,"AAA Emergency Tree Service","Serving theOmaha Area",http://aaaemergencytreeservice.com,4023912544,joe@aaaemergencytreeservice.com,4.9,264,,,,,117,,124,1,1,0,0,0,0,0,1,1,1,https://www.facebook.com/AAA-Emergency-Tree-Service-LLC-158894797466299/,,https://www.linkedin.com/company/aaa-emergency-tree-service,https://www.youtube.com/c/Aaaemergencytreeservice/videos,,"Tree Service,Arborists,Landscaping & Lawn Services",yellowpages,1,0,0,159694808
New,"Advantage Lawn & Landscape Management","Serving theOmaha Area",,8882902556,,,,,,,,,,,0,0,0,0,0,0,0,0,0,0,,,,,,"Tree Service,Landscape Contractors,Landscape Designers & Consultants",yellowpages,,0,0,561994314
New,"J & M Retaining Walls","12202 S 144th St, Omaha, NE 68138",,4026573800,,,,,,,,,,,0,0,0,0,0,0,0,0,0,0,,,,,,"Stump Removal & Grinding",yellowpages,,0,0,561994319
New,"South Omaha Tree Service","Omaha, NE 68130",,,,,,,,,,,,,0,0,0,0,0,0,0,0,0,0,,,,,,,google-places,,0,0,561997218
,"Jordan Brothers Mowing","1010 N 42nd St, Omaha, NE 68131",,4029916600,,,,,,,,,,,0,0,0,0,0,0,0,0,0,0,http://facebook.com/jordanbrothersmowing,,,,,"Tree Service,Lawn Maintenance,Landscape Designers & Consultants",yellowpages,,0,0,122607242
New,"Adirondack Tree Service","Serving theOmaha Area",,5188452471,,,,,,,,,,,0,0,0,0,0,0,0,0,0,0,,,,,,"Tree Service",yellowpages,,0,0,561994288
New,"Bellevue Tree Service","6914 S 30th St, Bellevue, NE 68147-1304",,4028071150,,,,,,,,,,,0,0,0,0,0,0,0,0,0,0,,,,,,,bing,,0,0,562006412
,"Small Axe Farm & Tree Service, LLC",,,4026096801,,5,2,,,,,,,,0,0,0,0,0,0,0,0,0,0,http://m.facebook.com,,,,,"Arborist service",google,,1,0,525680584
New,"Amanco Tree Service - Omaha Tree Removal & Stump Grinding","4003 Himebaugh Ave, Omaha, Ne 68111",,4023786183,,,,,,,,,,,0,0,0,0,0,0,0,0,0,0,,,,,,,bing,,0,0,562006790
New,"T & L Lawn & Landscaping","13535 Buffalo Rd, Springfield, NE 68059",,4025104833,,,,,,,,,,,0,0,0,0,0,0,0,0,0,0,,,,,,"Tree Service,Stump Removal & Grinding",yellowpages,,0,0,561994379
New,"Bfs Lawn & Tree Service","Serving theOmaha Area",,8007281128,,,,,,,,,,,0,0,0,0,0,0,0,0,0,0,,,,,,"Tree Service,Landscaping & Lawn Services,Lawn Maintenance",yellowpages,,0,0,561994269
New,"Galen's Tree Trimming, Inc.","5718 S 141st Plz Apt 22, Omaha, NE 68137",,4028949206,,,,,,,,,,,0,0,0,0,0,0,0,0,0,0,,,,,,"Tree Service,Stump Removal & Grinding",yellowpages,,0,0,561994077
,"Luca's Tree Service","4326 S 32nd St, Omaha, NE 68107",,5312107768,,5,9,,,,,,,,0,0,0,0,0,0,0,0,0,0,https://www.facebook.com/Lucas-Tree-Service-102406501582702/,,,,,"Tree service in Omaha, Nebraska",google-places,,0,0,561995462
New,"B & B Stump Removal","Serving theOmaha Area",,8002828103,,,,,,,,,,,0,0,0,0,0,0,0,0,0,0,,,,,,"Tree Service",yellowpages,,0,0,561994232
New,"A-1 Tree Service","2205 S 13th St, Council Bluffs, IA 51501",,7123091591,,,,,,,,,,,0,0,0,0,0,0,0,0,0,0,,,,,,"Tree Service,Tree Service Equipment & Supplies,Stump Removal & Grinding",yellowpages,,0,0,561994335
New,"Vivian's Tree Services and Landscaping LLC",,,4026861888,,5,6,,,,,,,,0,0,0,0,0,0,0,0,0,0,,,,,,"Tree service",google,,0,0,562001490
New,"Good Sheperds LLC",,,6362351224,,5,2,,,,,,,,0,0,0,0,0,0,0,0,0,0,,,,,,"Tree service",google,,0,0,562001396
New,"A & R Tree Service","6917 Pratt St, Omaha, NE 68104",,4025041043,,,,,,,,,,,0,0,0,0,0,0,0,0,0,0,,,,,,"Tree Service,Climbing Equipment,Snow Removal Service",yellowpages,,0,0,561994155
New,"The Nurturing Tree","6053 Ellison Ave, Omaha, NE 68104",,4029347393,,,,,,,,,,,0,0,0,0,0,0,0,0,0,0,,,,,,"Tree Service",yellowpages,,0,0,561994090
New,"Out on a Limb Tree Service","210 Ave A, Waterloo, NE 68069",,4029684487,,5,1,,,,,,,,0,0,0,0,0,0,0,0,0,0,,,,,,"Tree service",google,,0,0,562001465
New,"Roots Tree Service","15311 Franklin St, Washington, NE 68068",,4022123803,,5,11,,,,,,,,0,0,0,0,0,0,0,0,0,0,,,,,,"Tree service in Washington, Nebraska",google-places,,0,0,561999823
New,"Root Razors Stump Grinding",,,4023504041,,5,14,,,,,,,,0,0,0,0,0,0,0,0,0,0,http://facebook.com,,,,,"Tree service",google,,1,0,562001378
New,"MidWest Lawn & Tree Care","Serving theOmaha Area",,4029323033,,,,,,,,,,,0,0,0,0,0,0,0,0,0,0,,,,,,"Tree Service,Landscaping & Lawn Services,Lawn Maintenance",yellowpages,,0,0,561994296
New,"River City Stump Grinding",,,4028135293,,5,3,,,,,,,,0,0,0,0,0,0,0,0,0,0,,,,,,"Tree service",google,,0,0,562001509
New,"Rivera's Tree Service","2015 W St, Omaha, NE 68107",,4023204760,,,,,,,,,,,0,0,0,0,0,0,0,0,0,0,,,,,,"Tree Service",yellowpages,,0,0,561994089
,"South ""O"" Tree and Stump LLC","5940 S 137th Cir, Omaha, NE 68137",,4022784394,,4.6,19,,,,,,,,0,0,0,0,0,0,0,0,0,0,https://www.facebook.com/southotree402/,,,,,"Tree service in Omaha, Nebraska",google-places,,0,0,337891437
New,"Jack's Tree Service & Firewood","Omaha, NE 68111",,4024156796,,,,,,,,,,,0,0,0,0,0,0,0,0,0,0,,,,,,"Tree Service,Firewood,Gardeners",yellowpages,,0,0,561994100
New,"Nebraska Tree & Shrub Care, LLC.",,,4024529496,,5,3,,,,,,,,0,0,0,0,0,0,0,0,0,0,,,,,,"Tree service",google,,0,0,562002319
New,"Integrity Tree & Landscape Co","Serving theOmaha Area",,4023065766,,,,,,,,,,,0,0,0,0,0,0,0,0,0,0,,,,,,"Tree Service,Landscape Contractors",yellowpages,,0,0,561994243
New,"Arbor-Co Tree Care & Landscaping","Serving theOmaha Area",,4028899443,,,,,,,,,,,0,0,0,0,0,0,0,0,0,0,,,,,,"Tree Service,Landscape Contractors,Landscape Designers & Consultants",yellowpages,,0,0,561994310
,"S&S Tree Service","1228 S 8th St, Ashland, NE 68003",,4027707109,,4.9,73,,,,,,,,0,0,0,0,0,0,0,0,0,0,,,,,,"Tree service",google,,0,0,534391796
,"Big Timber Tree Service",,,4024163715,,5,4,,,,,,,,0,0,0,0,0,0,0,0,0,0,http://facebook.com,,,,,"Tree service",google,,0,0,562001091
New,"Tree Smart","Serving theOmaha Area",,4025988733,,,,,,,,,,,0,0,0,0,0,0,0,0,0,0,,,,,,"Tree Service",yellowpages,,0,0,561994230
,"Felix's Trees And Landscaping LLC","Omaha, NE 68108",,4023037369,,,,,,,,,,,0,0,0,0,0,0,0,1,0,0,,,,,,"Tree Service",yellowpages,,0,0,250887155
,"Haupt Tree Company Inc","Serving theOmaha Area",,8008748733,,,,,,,,,,,0,0,0,0,0,0,0,0,0,0,,,,,,"Tree Service",yellowpages,,0,0,561994267
,"Miranda Tree Service In Omaha","4655 Greene Ave, Omaha, NE 68157",,7149138792,,5,1,,,,,,,,0,0,0,0,0,0,0,0,0,0,,,,,,"Tree service in Bellevue, Nebraska",google-places,,0,0,561995543
,"Tree Experts","Serving theOmaha Area",,4025758697,,,,,,,,,,,0,0,0,0,0,0,0,0,0,0,,,,,,"Tree Service",yellowpages,,0,0,561994275
,"Dave's Tree Service","Serving theOmaha Area",,4028136140,,,,,,,,,,,0,0,0,0,0,0,0,0,0,0,,,,,,"Tree Service",yellowpages,,0,0,561994284
,"Turf & Tree Technology Inc","PO box 34688, Omaha, NE 68134",,4023347788,,,,,,,,,,,0,0,0,0,0,0,0,0,0,0,,,,,,"Tree Service,Arborists,Gardeners",yellowpages,,0,0,554446850
,"River City Tree Expert Co","1918 S 14th St, Omaha, NE 68108",,4023413353,,,,,,,,,,,0,0,0,0,0,0,0,0,0,0,,,,,,"Tree Service,Stump Removal & Grinding,Gardeners",yellowpages,,0,0,159694678
,"Council Bluffs Trees Forever","940 Valley View Dr, Council Bluffs, IA 51503",,4022922251,,,,,,,,,,,1,1,0,0,0,0,0,1,1,0,,,,,,"Tree Service",yellowpages,,0,0,346153407
,"Troy Ledger Lawn & Snow","3155 N 84th Cir, Omaha, NE 68134",,4026189429,,,,,,,,,,,0,0,0,0,0,0,0,0,0,0,,,,,,"Tree Service,Mulches,Landscape Designers & Consultants",yellowpages,,0,0,554446866
,"Tilmer's Tree Care","230 N Adams St, Papillion, NE 68046",,4023392569,,,,,,,,,,,0,0,0,0,0,0,0,0,0,0,,,,,,,google-places,,0,0,562000220
,"s williams excavating","4744 S 16th St, Omaha, NE 68107",,4028301215,,,,,,,,,,,0,0,0,0,0,0,0,0,0,0,,,,,,"Tree Service,Demolition Contractors,Concrete Breaking & Sawing Equipment",yellowpages,,0,0,135854785
,"Affordable tree service",,,7123141608,,4.5,105,,,,,,,,1,1,0,0,0,0,0,1,1,1,,,,,,"Tree service",google,,0,0,337892590
,"Complete Tree Service Incorporated","Omaha, NE 68134",,4026899967,,,,,,,,,,,0,0,0,0,0,0,0,0,0,0,,,,,,"Tree Service,Stump Removal & Grinding,Landscaping & Lawn Services",yellowpages,,0,0,135854791
,"Petros Roofing and Construction","Omaha, NE 68154",,4029266293,,,,,,,,,,,0,0,0,0,0,0,0,0,0,0,,,,,,"Tree Service,General Contractors,Roofing Contractors",yellowpages,,0,0,106043178
,"Lgm Tree Care","Serving theOmaha Area",,4023307080,,,,,,,,,,,0,0,0,0,0,0,0,0,0,0,,,,,,"Tree Service",yellowpages,,0,0,561994293
,"Westman Lawncare","702 E Patton St, Papillion, NE 68046",,4025908826,,,,,,,,,,,0,0,0,0,0,0,0,0,0,0,,,,,,"Tree Service,Gardeners,Landscape Designers & Consultants",yellowpages,,0,0,122607061
,"TCB Custom Lawn & Landscaping","Council Bluffs, IA 51503",,4026124873,,,,,,,,,,,0,0,0,0,0,0,0,0,0,0,,,,,,"Tree Service,Landscape Contractors,Landscape Designers & Consultants",yellowpages,,0,0,346559235
,"D J's Wood Chuck Stump Removal","19407 Spyglass Ct, Plattsmouth, NE 68048",,4022037934,,,,,,,,,,,0,0,0,0,0,0,0,0,0,0,,,,,,"Tree Service,Gardeners",yellowpages,,0,0,135855455
,"Chris Heller Tree Service, Inc.","3629 Emiline St, Bellevue, NE 68147",,4026867459,,,,,,,,,,,0,0,0,0,0,0,0,0,0,0,,,,,,"Tree Service,Stump Removal & Grinding",yellowpages,,0,0,337879971
,"Midwest Protection Services, Inc","4517 S 140th At, Omaha, NE 68137",,5183168825,,4.4,14,,,,,,,,1,1,0,0,0,0,0,1,1,1,,,,,,"Tree Service,Arborists,Excavation Contractors",yellowpages,,0,0,534391463
,"The Grind Tree Service","4722 N 162nd Ave, Omaha, NE 68116",,4026992598,,4.5,11,,,,,,,,0,0,0,0,0,0,0,0,0,0,,,,,,"Tree service in Douglas County, Nebraska",google-places,,0,0,561995232
,"Griffis Tree and Lawn - Tree Service Council Bluffs",,,7123551875,,4.8,31,,,,,,,,0,0,0,0,0,0,0,0,0,0,,,,,,"Tree service",google,,0,0,337894761
,"Shadetree Lawn & Landscape","21 N 8th St, Council Bluffs, IA 51503",,7122569900,,,,,,,,,,,0,0,0,0,0,0,0,0,0,0,,,,,,"Tree Service,Landscape Designers & Consultants,Landscaping & Lawn Services",yellowpages,,0,0,346559206
,"Stumpy's Stump Removal","Omaha, NE 68114",,4026606251,,,,,,,,,,,0,0,0,0,0,0,0,0,0,0,,,,,,"Tree Service,Stump Removal & Grinding",yellowpages,,0,0,337880048
,"Dandy Lawn Care and Irrigation","8801 Charles St, Omaha, NE 68114",,4026507742,,,,,,,,,,,0,0,0,0,0,0,0,0,0,0,,,,,,"Tree Service,Deck Builders,Sprinklers-Garden & Lawn",yellowpages,,0,0,135855052
,"Pro Grass Lawn Care Inc.","PO Box 27973, Omaha, NE 68127",,4029095296,,,,,,,,,,,0,0,0,0,0,0,0,0,0,0,,,,,,"Tree Service,Sod & Sodding Service,Landscaping & Lawn Services",yellowpages,,0,0,122607089
,"Salvador Hauling","804 Bancroft St, Omaha, NE 68108",,4023459713,,,,,,,,,,,0,0,0,0,0,0,0,0,0,0,,,,,,"Tree Service,Landscaping & Lawn Services,Building Contractors",yellowpages,,0,0,106042371
,"Arbor All","Serving theOmaha Area",,6095153592,,,,,,,,,,,0,0,0,0,0,0,0,0,0,0,,,,,,"Tree Service",yellowpages,,0,0,561994271
,"T R Turf & Tree","24375 Richfield Loop, Council Bluffs, IA 51503",,7123288333,,,,,,,,,,,0,0,0,0,0,0,0,0,0,0,,,,,,"Tree Service,Gardeners,Lawn Maintenance",yellowpages,,0,0,346559230
,"Limitless Landscape","2239 Poppleton Ave, Omaha, NE 68108",,4028858535,,,,,,,,,,,0,0,0,0,0,0,0,0,0,0,,,,,,"Tree Service,Landscape Contractors,Landscaping Equipment & Supplies",yellowpages,,0,0,122607240
,"A Certified Tree Care","Serving theOmaha Area",,4026120128,,,,,,,,,,,0,0,0,0,0,0,0,0,0,0,,,,,,"Tree Service",yellowpages,,0,0,561994268
,"Andrew Tree & Landscaping","Council Bluffs, IA 51501",,4023212337,,,,,,,,,,,1,0,0,0,0,0,0,1,1,0,,,,,,"Snow Removal,Landscaping,Tree Services",yelp,,0,0,122608521
,"Dickey Tree Service","Serving theOmaha Area",,8005218034,,,,,,,,,,,0,0,0,0,0,0,0,0,0,0,,,,,,"Tree Service",yellowpages,,0,0,561994272
,"Escobar Tree Services","Omaha, NE 68108",,4022790634,,,,,,,,,,,0,0,0,0,0,0,0,0,0,0,,,,,,"Tree Service",yellowpages,,0,0,337880670
,"Tree Service Omaha","1807 Capitol Ave, Omaha, NE 68102",,4022182698,,,,,,,,,,,0,0,0,0,0,0,0,0,0,0,,,,,,"Tree Service,Landscaping & Lawn Services,Stump Removal & Grinding",yellowpages,,0,0,135854671
,"Little Ogre's Stump Removal","Serving theOmaha Area",,4025712163,,,,,,,,,,,0,0,0,0,0,0,0,0,0,0,,,,,,"Tree Service",yellowpages,,0,0,561994297
,"Emerald Kutt The Lawn & Landscape Company","4116 Wirt St, Omaha, NE 68111",,4027061080,,,,,,,,,,,0,0,0,0,0,0,0,0,0,0,,,,,,"Tree Service,Landscape Contractors,Landscaping & Lawn Services",yellowpages,,0,0,554446672
,"McCullough Tree Service","Council Bluffs, IA 51501",,7123661098,,,,,,,,,,,0,0,0,0,0,0,0,0,0,0,,,,,,"Tree Service,Stump Removal & Grinding",yellowpages,,0,0,346152627
,"Mark's Tree Service","Serving theOmaha Area",,8005020649,,,,,,,,,,,0,0,0,0,0,0,0,0,0,0,,,,,,"Tree Service",yellowpages,,0,0,561994238
,"OK Tree Service","5109 Sargent St, Omaha, NE 68152",,4025934053,,,,,,,,,,,1,0,0,0,0,0,0,1,0,0,,,,,,"Tree Service,Landscaping & Lawn Services,Lawn Maintenance",yellowpages,,0,0,135854529
,"Ashland Tree Service","Serving theOmaha Area",,4026799966,,,,,,,,,,,0,0,0,0,0,0,0,0,0,0,,,,,,"Tree Service",yellowpages,,0,0,561994240
,"Elite Tree Service Experts LLC",,,7123149701,,5,23,,,,,,,,0,0,0,0,0,0,0,0,0,0,,,,,,"Tree service",google,,0,0,561996676
,"Nscapes Landscaping","4833 S 46th Ave, Omaha, NE 68117",,4023177225,,,,,,,,,,,0,0,0,0,0,0,0,0,0,0,,,,,,"Tree Service,Landscape Contractors,Landscaping & Lawn Services",yellowpages,,0,0,135854642
,"STEVE'S TREE SERVICE","Serving theOmaha Area",,4022124181,,,,,,,,,,,0,0,0,0,0,0,0,0,0,0,,,,,,"Tree Service,Fertilizers,Landscape Designers & Consultants",yellowpages,,0,0,135855288
,"J L Tree Service","3510 Hancock St, Bellevue, NE 68005",,4027060477,,,,,,,,,,,0,0,0,0,0,0,0,0,0,0,,,,,,"Tree Service",yellowpages,,0,0,561994346
,"Randalls Tree Service","Serving theOmaha Area",,3194861614,,,,,,,,,,,0,0,0,0,0,0,0,0,0,0,,,,,,"Tree Service",yellowpages,,0,0,561994260
,"Straight Edge Lawn Care","5630 S 169th St, Omaha, NE 68135",,4028006445,,,,,,,,,,,0,0,0,0,0,0,0,0,0,0,,,,,,"Tree Service,Landscape Contractors,Landscaping & Lawn Services",yellowpages,,0,0,159694033
,"Hughes Tree Service of Council Bluffs","1420 N 21st St, Council Bluffs, IA 51501",,7123661230,,,,,,,,,,,0,0,0,0,0,0,0,0,0,0,,,,,,"Tree Service,Landscape Designers & Consultants,Landscape Contractors",yellowpages,,0,0,135855385
,"Grass Mechanics","Omaha, NE 68137",,4027400089,,,,,,,,,,,0,0,0,0,0,0,0,0,0,0,,,,,,"Tree Service,Lawn Maintenance,Landscape Contractors",yellowpages,,0,0,389681382
,"Brothers Tree Service",,,4023684098,brotherstreeservice1234@gmail.com,4.5,2,,,,,,,,1,1,0,0,0,0,0,0,1,0,http://www.facebook.com/2008/fbml,,,https://www.youtube.com/@BrothersTreeServiceIL/about,https://www.instagram.com/brothers_tree_service_il/,"Tree service",google,,0,0,343958598
,"Mercer Tree Care","Serving theOmaha Area",,4023593994,,5,209,,,,,,,,1,1,0,0,0,0,0,1,1,1,,,,,,"Tree Service,Arborists,Gardeners",yellowpages,,0,0,159694489
,"West Omaha Hauling","Omaha, NE 68127",,4027077125,,,,,,,,,,,0,0,0,0,0,0,0,0,0,0,,,,,,"Trucking,Sand & Gravel,Stump Removal & Grinding",yellowpages,,0,0,337879927
,"Expert Tree Service In Omaha NE","PO Box 7206, Omaha, NE 68107",,4023019047,,,,,,,,,,,0,0,0,0,0,0,0,0,0,0,,,,,,"Tree Service,Stump Removal & Grinding",yellowpages,,0,0,541028005
,"William's Tree Service","Serving theOmaha Area",,8885038733,,,,,,,,,,,0,0,0,0,0,0,0,0,0,0,,,,,,"Tree Service,Landscape Designers & Consultants,Landscape Contractors",yellowpages,,0,0,135855093
,"RedHawk Turf, Trees, & Landscaping","1718 Hillcrest Dr, Bellevue, NE 68005",,4022184189,,,,,,,,,,,0,0,0,0,0,0,0,0,0,0,,,,,,"Tree Service,Landscaping & Lawn Services,Snow Removal Service",yellowpages,,0,0,554446937
,"Backyard Tree Experts","Serving theOmaha Area",,4022011145,,,,,,,,,,,0,0,0,0,0,0,0,0,0,0,,,,,,"Tree Service",yellowpages,,0,0,561994285
,"Hotz Lawns-Landscaping-Snow Removal","2710 Birdsley Rd, Council Bluffs, IA 51503",,7123105523,,,,,,,,,,,0,0,0,0,0,0,0,0,0,0,,,,,,"Tree Service,Mulches,Landscaping & Lawn Services",yellowpages,,0,0,122607046
,"Dj's Wood Chuck","Serving theOmaha Area",,4022381744,,,,,,,,,,,0,0,0,0,0,0,0,0,0,0,,,,,,"Tree Service",yellowpages,,0,0,561994276
,"Panga Lawn & Snow Services","11405 Corby Plz, Omaha, NE 68164",,4029067710,,,,,,,,,,,0,0,0,0,0,0,0,0,0,0,,,,,,"Tree Service,Lawn Maintenance,Landscape Contractors",yellowpages,,0,0,554446823
,"Tree Lawn Medic",,,4023398888,,3.6,5,,,,,,,,0,0,0,0,0,0,0,0,0,0,,,,,,"Tree service",google,,0,0,380355403
,"Oddjob the Tree Specialists, Inc.","Serving theOmaha Area",,4702354653,,,,,,,,,,,0,0,0,0,0,0,0,0,0,0,,,,,,"Tree Service",yellowpages,,0,0,561994266
,"Husker Tree & Landscaping","5417 N 50th St, Omaha, NE 68104",,4026120430,,,,,,,,,,,0,0,0,0,0,0,0,0,0,0,,,,,,"Tree Service,Landscaping & Lawn Services,Snow Removal Service",yellowpages,,0,0,554446836
,"Midwest Tree Pros",,,4025176493,,4.7,12,,,,,,,,0,0,0,0,0,0,0,0,0,0,,,,,,"Tree service",google,,0,0,562000547
,"Sharp cut lawn","Serving theOmaha Area",,4026378025,,,,,,,,,,,0,0,0,0,0,0,0,0,0,0,,,,,,"Tree Service,Lawn Maintenance,Landscaping & Lawn Services",yellowpages,,0,0,122607306
New,"CMT Enterprises","4215 R St, Omaha, NE 68107",,4027331005,,,,,,,,,,,0,0,0,0,0,0,0,0,0,0,,,,,,"Tree Service,Stump Removal & Grinding,Snow Removal Service",yellowpages,,0,0,561994154
,"Hustus Tree Service","Serving theOmaha Area",,8664487887,,,,,,,,,,,0,0,0,0,0,0,0,0,0,0,,,,,,"Tree Service",yellowpages,,0,0,561994234
,"Konfrst Tree Service","1501 Ave P, Council Bluffs, IA 51501",,4028135821,,4.6,7,,,,,,,,0,0,0,0,0,0,0,0,0,0,,,,,,"Tree service in Council Bluffs, Iowa",google-places,,0,0,32530936
,"Omaha Stump Removal Service","7615 Irvington Rd, Omaha, NE 68122",,4026721835,,,,,,,,,,,0,0,0,0,0,0,0,0,0,0,,,,,,"Tree Service,Gardeners",yellowpages,,0,0,135855136
,"Ryan's Lawn Service","5148 Hillcrest Dr, Omaha, NE 68132",,4025332384,,,,,,,,,,,0,0,0,0,0,0,0,0,0,0,,,,,,"Tree Service,Lawn Maintenance,Snow Removal Service",yellowpages,,0,0,122607257
,"Academy Arbor Care","Serving theOmaha Area",,2013970767,,,,,,,,,,,0,0,0,0,0,0,0,0,0,0,,,,,,"Tree Service",yellowpages,,0,0,561994239
,"Elevated Tree Solutions","2940 N 57th St, Omaha, NE 68104",,4022817588,,,,,,,,,,,0,0,0,0,0,0,0,0,0,0,,,,,,"Tree Service,Gardeners",yellowpages,,0,0,500647273
,"Buie's Lumberjack Tree Service","Serving theOmaha Area",,8003012359,,,,,,,,,,,0,0,0,0,0,0,0,0,0,0,,,,,,"Tree Service",yellowpages,,0,0,561994244
New,"@ timber tree","4545 n 49th st, Omaha, NE 68104",,4022970888,,,,,,,,,,,0,0,0,0,0,0,0,0,0,0,,,,,,"Tree Service,Arborists,Firewood",yellowpages,,0,0,561994152
