status,name,address,website,phone,email,google_rating,google_reviews,yelp_rating,yelp_reviews,fb_rating,fb_reviews,fb_likes,fb_checkins,fb_followers,is_title,is_description,is_adwords,is_facebook_ads,is_twitter_ads,is_linkedin_ads,is_bing_ads,is_robot,is_ssl,is_wordpress,fb_url,twitter_url,linkedin_url,youtube_url,instagram_url,category,search_type,crawler_status,women_owned,black_owned,business_id
CLOSED,Wyatt’s Tree Removal & Landscaping,"3540 childs lake road Milford, MI 48381",https://wyattstreeandlandscape.com,2485630545,support@townsquareinteractive.com,,,5,1,,,,,,0,0,0,0,0,0,0,0,0,0,,,,,,"Tree Services,Landscaping,Patio Coverings",yelp,1,0,0,95547659
NOT ICP,Polgar Tree Investments Birmingham,"33788 Woodward Ave, Birmingham, MI 48009",https://www.valpak.com/local/grosse-pointe-mi,7345858549,barry_sanders@valpak.com,,,,,,,177661,43,172000,1,1,0,0,0,0,0,1,1,1,https://www.facebook.com/Valpak,https://twitter.com/valpakcoupons,https://www.linkedin.com/company/valpak,https://www.youtube.com/c/valpak,,"Tree Service,Arborists,Landscape Designers & Consultants",yellowpages,1,0,0,119196497
,Scot Clugston,"Livonia, MI 48154",https://www.trexgonewild.com,7344274802,,4.6,18,,,,,,,,0,0,0,0,0,0,0,0,1,0,,,,,,Tree Services,yelp,1,0,0,95547934
,Arbor Tree Care,"1912 Bellaire Ave, Royal Oak, MI 48067",https://www.treeserviceroyaloak.com/,2485653669,,1.8,4,,,,,,,,0,0,0,0,0,0,0,1,1,0,,,,,,"Tree services in Royal Oak, MI",bing,1,0,0,95545455
,Tree Man Services,"6340 Fenkell St, Detroit, MI 48238",https://www.treemanservice.com/contact-us/,3133785573,treeman221@outlook.com,5,4,,,,,,,,1,1,0,0,0,0,0,1,1,1,https://www.facebook.com/TreemanservicesLLC/,https://twitter.com/share?url=https://www.treemanservice.com/contact-us/,https://www.linkedin.com/shareArticle?mini=true&url=https://www.treemanservice.com/contact-us/,,https://www.instagram.com/treemanservices/,,bing,1,0,0,95544247
,Tree Care,"28401 Mound Rd Ste 34 Warren, MI 48090",https://www.treecareinwarrenmi.com,5869810411,info@treecareinwarrenmi.com,,,,,,,,,65,1,1,0,0,0,0,0,1,1,1,https://facebook.com/treecareinwarrenmi/,,,,,Tree Services,yelp,1,0,0,95546602
Leon,Titanium Tree Cutting,"32605 W 12 Mile Rd, Farmington Hills, MI 48334",https://www.titaniumtreecutting.com/,8885087332,info@titaniumtreecutting.com,4.6,30,,,,,,,,1,1,1,0,0,0,0,1,1,1,https://m.facebook.com/titanium.treecutting/,https://twitter.com/titaniumtreecut,,https://www.youtube.com/channel/UCAe7YaX6i-0TyQWM-EJiNIg,https://www.instagram.com/titaniumtreecuttingservice/,"Tree service in Farmington Hills, Michigan",google-places,1,0,0,313399715
Kevin,Singing Tree,"18326 John R St, Detroit, MI 48203",https://www.singingtreedetroit.com/contact,3133190583,singingtreeinfo@gmail.com,5,1,,,,,,,,1,1,0,0,0,0,0,0,1,0,,,,,,,google-places,1,0,0,561321221
Ignacio,Robles Tree Services,"Allen Park, MI 48101",https://www.roblestreeservices.com,2485180000,robles.tree.services@gmail.com,4.3,23,4,3,,,,,,1,1,0,0,0,0,0,0,1,0,,,,,,Tree Services,yelp,1,0,0,95547296
Mike,Ricuccis Tree Service LLC.,"2184 Goulson Ave, Warren, MI 48091",http://ricuccistreeservice.com,5864431211,sales@ricuccistreeservice.com,4.5,30,,,,,455,63,531,1,1,0,0,0,0,0,1,1,0,https://www.facebook.com/Ricuccistreeservices,,,,https://www.instagram.com/ricuccistreeservicellc,Tree service,google,1,0,0,8555244
Andrew,Q's Outdoor Services LLC,"Dearborn Heights, MI 48125",https://www.qsoutdoorservicesllc.com,3134104298,info@qsoutdoorservicesllc.com,4.9,40,,,,,,,,1,1,0,0,0,0,0,1,1,0,https://www.facebook.com/qsoutdoorservicesllc,,,,https://www.instagram.com/qsoutdoorservicesllc,"Tree Service,Snow Removal Service",yellowpages,1,0,0,561320822
Dale,Priority Stump Grinding LLC,"24248 Bolam Ave, Warren, MI 48089",https://www.prioritystump.com/,5862140549,dunmire_dale@yahoo.com,4.9,8,,,,,88,,85,1,0,0,0,0,0,0,1,1,0,https://www.facebook.com/prioritystumpgrindingllc/,,,,,"Tree service in Warren, Michigan",google-places,1,0,0,31404968
,Our Family Tree Service,"13911 E 9 Mile Rd, Warren, MI 48089",https://www.ourfamilytreeserviceroseville.com/,5865638670,,,,,,,,,,,0,1,0,0,0,0,0,1,1,0,,,,,,Tree services,bing,1,0,0,95544919
New,Natural Way Lawn & Tree Service,"29925 Groesbeck Hwy, Roseville, MI 48066",https://www.naturalwaylawn.com/about/contact,2482394000,info@naturalwaylawn.com,4.6,195,,,,,,,,1,1,1,0,0,0,0,1,1,1,https://www.facebook.com/NaturalWayLawn,https://twitter.com/naturalwaylawn,,,,"Tree Service,Gardeners,Pest Control Services",yellowpages,1,0,0,561320939
,Nate's Outdoor Services,"27445 Grandon Ave, Livonia, MI 48150",https://www.natesservicesmi.com,7347888822,natesllc1@gmail.com,,,,,,,,,,1,1,1,0,0,0,0,0,1,0,https://facebook.com/NatesOutdoorServicesLivoniaMI,,,,,"Tree Service,Demolition Contractors,Stump Removal & Grinding",yellowpages,1,0,0,370863581
,Momentum Tree Experts,"Novi, MI 48377",https://www.momentumtree.com,2482212710,support@system810.com,5,176,5,1,,,,,,1,1,0,0,0,0,0,0,1,0,https://www.facebook.com/MOMENTUMTREE,,,,https://www.instagram.com/momentumtreeexperts/,Tree Services,yelp,1,0,0,95547656
,Mohawk Tree Service,"Troy, MI 48083",https://www.mohawktreemi.com,5862541441,mohawkjay@sbcglobal.net,4.4,11,5,2,,,,,,1,1,0,0,0,0,0,0,1,0,,,,,,Tree Services,yelp,1,0,0,95547013
,The Michigan Property Network,"777 N Milford Rd, Highland, MI 48357",https://www.mitreeservices.com,2486601407,info@mitreeservices.com,4.7,101,4.6,16,4.9,42,491,5,500,1,1,0,0,0,0,0,1,1,1,https://www.facebook.com/people/The-Michigan-Property-Network-LLC-Tree-Services/100057152721989/,,,,,Tree Services,yelp,1,0,0,95547031
,Michigan Tree & Stump Removal,"36543 Ann Arbor Trl, Livonia, MI 48150",https://www.michigantreeandstump.com,7346550938,mitreeremoval@aol.com,4.7,38,5,1,,,,,,1,1,0,0,0,0,0,0,1,0,,,,,,Tree Services,yelp,1,0,0,95546831
,Majestic Tree,"Highland, MI 48356",https://www.majestictreeco.com,2489049791,treepros@majestictreeco.com,4.9,34,5,2,5,14,133,,,1,1,1,0,0,0,0,1,1,0,https://www.facebook.com/Majestic-Tree-Co-113193670224827,,,,,Tree Services,yelp,1,0,0,95546885
,"Live Oak Tree Company, Inc",,http://liveoaktreecompany.com,5862398528,,4.6,14,,,,,,,,1,1,0,0,0,0,0,1,1,0,facebook.net/en_US/sdk.js#xfbml=1&version=v2.8&appId=1822295708016537,,,,,Tree service,google,1,0,0,8555302
,KB Landscaping & Snow Removal,"3890 Trade Center Dr Ann Arbor, MI 48108",https://www.kahalabrothers.com,7342163291,kahalabrotherservices@gmail.com,4.9,30,4.8,17,,,221,,218,1,1,0,0,0,0,0,1,1,1,https://www.facebook.com/kblandscaping1,,,,https://www.instagram.com,"Landscaping,Landscape Architects or Designers,Masonry/Concrete",yelp,1,0,0,95546457
,Infinity Tree Service,"5605 Halstead Rd, West Bloomfield, MI 48322",https://www.infinitytree.com,2483050519,infinitytreeservicellc@gmail.com,,,3.8,12,,,164,3,164,1,1,0,0,0,0,0,1,1,1,https://www.facebook.com/InfinityTree/,https://twitter.com/infinitytreeco,,https://www.youtube.com/channel/UCS2d5HkPXbA_SGo1qIajkjw,https://www.instagram.com/infinitytreesvcs/?r=nametag,Tree Services,yelp,1,0,0,93097846
,Classic Tree service,"16503 Fenton St, Detroit, MI 48219",,3135066654,,5,1,,,,,,,,0,0,0,0,0,0,0,0,0,0,,,,,,Tree service,google,,0,0,561320519
,Dino's Tree Service,"8092 Leander St, Detroit, MI 48234",https://www.gstatic.com/images/branding/product/1x/googleg_48dp.png,3137655298,,5,1,,,,,,,,0,0,0,0,0,0,0,1,1,0,,,,,,,bing,1,0,0,95544632
,GreenMile Lawncare,"Detroit, MI 48226",https://www.greenmilelawncare.net,8337465264,greenmilelawncare101@gmail.com,,,5,1,,,601321,,46,1,0,0,1,0,0,0,1,1,0,https://www.facebook.com/wix,https://www.twitter.com/wix,https://www.linkedin.com/company/wix-com,,https://www.instagram.com/wix,"Tree Services,Lawn Services",yelp,1,0,0,95546769
,Great Lakes Landscaping,"49685 Gratiot Ave, Chesterfield, MI 48051",https://www.greatlakeslandscaping.com,5867547336,info@gllteam.com,3.8,62,3.1,14,3.6,14,1563,205,2900,1,1,0,1,0,0,0,1,1,1,https://www.facebook.com/GreatLakesLandscapingInc/,,,,https://www.instagram.com/greatlakeslandscapinginc/,"Landscaping,Tree Services",yelp,1,0,0,95547569
,Community Arborist,"685 Spencer St, Ferndale, MI 48220",https://www.gottrees.com,2487526630,brian@gottrees.com,,,,,,,,,,1,0,0,0,0,0,0,1,1,0,,,,,,"Tree Service,Arborists,Stump Removal & Grinding",yellowpages,1,0,0,335988873
,Forest Glade Tree Experts,"3458 Faust St, Windsor ON N8Y5B7",https://www.forestgladetree.com/contact,15199442633,,4.4,26,,,,,,,,0,1,0,0,0,0,0,1,1,0,,,,,,Tree services,bing,1,0,0,95543945
,Flynns,"3973 Gosline Rd, Marlette, MI 48453",https://www.flynnsllc.com,9896352676,office@flynnsllc.com,,,3,2,,,,,,1,1,0,0,0,0,0,0,1,0,https://www.facebook.com/pg/flynnsllc/reviews/?ref=page_internal,,,,,"Tree Services,Snow Removal,Lawn Services",yelp,1,0,0,95546931
,Ezzy Tree Service,"Inkster, MI 48141",https://www.ezzytreeservices.com,4047547491,ezzytreeservices@gmail.com,,,,,,,,,,0,0,0,0,0,0,0,0,0,0,,,,,,Tree Services,yelp,1,0,0,95544482
,Elite Tree Service,"7219 Chalmers Ave, Warren, MI 48091",https://www.elitetree.net/,5867560757,,4.4,72,,,,,,,,0,0,0,0,0,0,0,0,1,0,,,,,,Tree services,bing,1,0,0,8554205
,Earthworks Outdoor Services,"540 N Lapeer Rd Ste 382 Lake Orion, MI 48362",https://www.earthworksoutdoorservices.com,8103940103,earthworksoutdoorservices@gmail.com,,,3,6,,,,,,1,1,0,0,0,0,0,1,1,0,https://www.facebook.com/earthworksoutdoorservicesLLC/,,,,,"Tree Services,Landscape Architects or Designers,Lawn Services",yelp,1,0,0,95546464
,Eagle Lawn and Landscaping Design,"3543 Chestnut St, Dearborn, MI 48124",https://www.eaglelawnlandscape.com,3139694931,eaglelawnlandscape23@gmail.com,,,,,,,,,,1,1,0,0,0,0,0,1,1,0,,,,,,"Tree Service,Gardeners",yellowpages,1,0,0,506697114
,Nate's Tree Stump And Shrubbery Removal,"Detroit, MI",https://www.detroittreestumpremoval.com/,3136350038,,4.6,9,,,,,,,,0,0,0,0,0,0,0,1,1,0,,,,,,Tree services,bing,1,0,0,95544454
,Detroit Tree Service,"20501 Livernois, Detroit, MI 48221",https://www.detroittreeserv.com/about-us.html,3132512113,detroittreeservice@gmail.com,5,2,,,,,,,,1,1,0,0,0,0,0,0,1,0,,,,,,"Tree service in Detroit, Michigan",google-places,1,0,0,8553950
,The Davey Tree Expert Company,"8250 Ronda Dr, Canton, MI 48187",https://www.davey.com/residential-tree-services/local-offices/south-detroit-tree-service/?source=Yelp,7344598690,info@davey.com,3.6,86,2.7,31,,,19446,,,1,1,1,0,0,0,0,1,1,0,https://www.facebook.com/DaveyTree,https://twitter.com/DaveyTree,http://www.linkedin.com/company/the-davey-tree-expert-company,http://www.youtube.com/user/DaveyTreeExpertCo,https://instagram.com/DaveyTree/,Tree Services,yelp,1,0,0,95545942
,Dan's Tree Service,"1508 Rossini Blvd, Windsor ON N8Y 2Z9",https://www.danstreeservice.ca/,5199901627,danstreeservicewindsor@gmail.com,4.9,15,,,,,71,,88,1,1,0,0,0,0,0,1,1,1,https://facebook.com/Danstreeservicewindsor/,,,,,,bing,1,0,0,8553700
,Danny’s Tree Services,"Warren, MI 48091",https://www.dannystreeservicellc.com,2489933597,groulxdano@gmail.com,4.8,4,5,1,,,,,,1,1,0,0,0,0,0,1,1,0,https://facebook.com/danny.s.tree.service.2023,,,,,,yelp,1,0,0,95544089
,Cut Wood Tree Service,"1060 Vinewood St Auburn Hills, MI 48326",https://www.cutwood.com,3132889663,cutwoodtreeservice@gmail.com,5,7,,,5,42,,,358,1,1,0,0,0,0,0,0,1,0,https://facebook.com/CutWoodTreeService/,,,,,Tree Services,yelp,1,0,0,95547107
,Coffman’s Tree Service,"Rochester Hills, MI 48309",https://www.coffmanstreeservice.com,2483347662,,4.7,37,4.9,53,,,,,,1,1,0,0,0,0,0,1,1,0,,,,,,,yelp,1,0,0,95544103
,Canopy Climber Tree Care,"4430 Myron Rd, Burtchville, MI 48059",https://www.canopyclimbertreecare.com,8103002387,jake.canopyclimber@gmail.com,5,69,,,,,,,,1,1,0,0,0,0,0,0,1,0,,,,,,Tree Services,yelp,1,0,0,95547361
,Branch Tree Service Inc,"24195 Mound Rd, Warren, MI 48091",https://www.branchtree.com/,5867567737,customercare@branchtree.com,4.5,96,,,,,,,,1,1,0,0,0,0,0,0,1,0,https://www.facebook.com/BranchTreeService/,,,https://www.youtube.com/channel/UCd0SHxSRdyK3uykmfnKPLSA,https://www.instagram.com/branch_tree_service/,Tree services,bing,1,0,0,36413919
,Arbor Master Tree Service,"10570 Hall Rd Whitmore Lake, MI 48189",https://www.arbor-master.com,7342943013,info@arbor-master.com,4.8,47,4.8,5,,,,,,1,1,0,0,0,0,0,1,1,0,https://www.facebook.com/arbormastertreeservice,,https://www.linkedin.com/in/shawn-dondzila-97927913b/,https://www.youtube.com/@arbormastertreeservice2352,https://www.instagram.com/arbormaster2006/,Tree Services,yelp,1,0,0,95546375
,Able Tree Experts,"52188 Van Dyke, Shelby Township, MI 48316",https://www.abletreeexperts.com,5867526080,tim@abletreeexperts.com,4.9,318,5,10,,,,,,1,0,0,0,0,0,0,1,1,1,,,,,,"Tree Services,Crane Services,Firewood",yelp,1,0,0,95546519
,Tree Service Pros,"11171 Capri Dr, Warren, MI 48093",https://warrentreeservicepros.com,5865335005,,,,,,,,,,,1,1,0,0,0,0,0,1,1,1,,,,,,Tree Service,yellowpages,1,0,0,95543437
,Wade's Tree Service,"3206 W 7 Mile Rd, Detroit, MI 48221",https://wadestreeservice-treeservice.business.site/?utm_source=gmb&utm_medium=referral,3139954986,,4.5,114,,,,,,,,0,0,0,0,0,0,0,0,1,0,,,,,,Tree services,bing,1,0,0,8554258
,Viking Tree and Stump Service,"Royal Oak, MI 48067",https://vikingtreeandstump.com,2489065388,,4.9,12,5,1,,,,,,1,1,0,0,0,0,0,1,1,0,,,,,,Tree Services,yelp,1,0,0,95547211
New,Urban Tree Trimming,"5671 Trumbull St, Detroit, MI 48208-1700",https://urbantreetrim.com/contact-us/,3134837646,info@urbantreetrim.com,2.5,13,,,,,,,,1,1,0,0,0,0,0,1,1,1,,,,,,,bing,1,0,0,561320009
,Under Cutters Tree Service,"1508 Ford Blvd, Windsor ON N8T 2C8",https://under-cutters-tree-service.business.site/,15199828455,,4.7,3,,,,,,,,1,0,0,0,0,0,0,1,1,0,,,,,,Tree services,bing,1,0,0,95543989
,Trspros LLC Stump grinding & Tree service,"8629 Plumbrook Rd, Sterling Heights, MI 48313",http://trsprosstumpgrindingandtreeservice.com,2316836892,trspros@gmail.com,5,256,,,,,,,,1,0,0,0,0,0,0,1,1,1,https://www.facebook.com/share/rkD8Jax4BUvzsAqU/?mibextid=LQQJ4d,,,,,Tree service,google,1,0,0,335992546
,Tri-County Tree And All Firewood,"6101 John Kronk St, Detroit, MI 48210",https://tricountytreeandfirewood.com/,5866157000,tricountytreeandfirewood@gmail.com,4.6,89,,,,,,,282,1,0,0,0,0,0,0,1,1,1,https://www.facebook.com/tricountytreeandfirewood,,,,,"Tree service in Detroit, Michigan",google-places,1,0,0,381356335
,Tree Service of Troy,"755 W Big Beaver Rd Suite 2020-B, Troy, MI 48084",http://treeserviceoftroy.com,8556487337,info@treeserviceoftroy.com,5,216,,,,,,,,1,1,0,0,0,0,0,1,1,1,https://www.facebook.com/GalaxyTreeServices,,https://www.linkedin.com/company/galaxytreeservice/,https://www.youtube.com/@GalaxyTreeService,https://www.instagram.com/treeserviceoftroy/,Tree service,google,1,0,0,61125360
New,Tree Removal Detroit,"1001 Woodward Ave ste 420, Detroit, MI 48226",https://treeremovaldetroit.com/,7343365882,,5,8,,,,,,,,1,1,0,0,0,0,0,1,1,1,,,,,,"Tree service in Detroit, Michigan",google-places,1,0,0,561320064
,Omar's Tree Service,"14885 Littlefield St, Detroit, MI 48227",https://treedetroit.dudaone.com/,3133668733,repair@swisswatchserviceus.dudaone.com,,,,,,,,,,0,0,0,0,0,0,0,0,1,0,,,,,,,bing,1,0,0,95544202
,Timber Beast Tree Service,"989 S Glaspie St, Oxford, MI 48371",https://timberbeasttreeservice.com,2485633313,timberbeasttreeservice@gmail.com,4.9,288,4.3,12,,,398,,528,1,1,0,0,0,0,0,1,1,1,https://www.facebook.com/people/Timber-Beast-Tree-Service/100037248803598/,,,https://www.youtube.com/channel/UCOD2PXQl0qJVICUw0gvzQEA,https://instagram.com/timberbeasttreeservice,"Tree Services,Firewood,Junk Removal & Hauling",yelp,1,0,0,95547029
New,Inner-City Tree Services,"8900 Greenfield Rd, Detroit, Mi 48228",https://streetviewpixels-pa.googleapis.com/v1/thumbnail?panoid=3S5lk9vapBgByH0KX1B-Kw&cb_client=search.gws-prod.gps&w=360&h=120&yaw=268.51746&pitch=0&thumbfov=100,3134791075,,2.7,3,,,,,,,,0,0,0,0,0,0,0,0,1,0,,,,,,,bing,1,0,0,561320143
,Aamazing Spyderman Tree Service,"23401 Harding, Hazel Park, Mi 48030",https://spydermantree.com/,2482501445,spydermantreeinquiries@gmail.com,4.9,15,,,4.7,13,,,408,1,1,0,0,0,0,0,1,1,0,https://www.facebook.com/742267205846957,,,https://www.youtube.com/channel/UCT7rZumO75N3-AcUAxIgxvw,https://www.instagram.com/spydietree/,"Tree services in Hazel Park, Mi",bing,1,0,0,95545159
,Omar's Tree Service,"6755 Faust Ave, Detroit, MI 48228",http://sites.google.com,3139302646,conferencescholarships@google.com,,,,,,,,,,1,1,0,0,0,0,0,1,1,0,,,,,,Tree service,google,1,0,1,95548946
,Santoro Services,"29500 23 Mile Rd New Baltimore, MI 48047",https://santoroservices.net,3139807669,contact@detroitsnow.net,,,,,,,,,,1,1,0,0,0,0,0,0,1,0,http://www.facebook.com/2008/fbml,,,https://www.youtube.com/@SantoroServices-v8t,https://www.instagram.com/santoroservices_/,"General Contractors,Landscaping,Excavation Services",yelp,1,0,0,95546691
,Randy's Stump Removal,"490 Roth Blvd, Clawson, MI 48017",https://randysstumpremoval.com,2485832658,randy@randysstumpremoval.com,,,,,,,,,,1,1,0,0,0,0,0,1,1,1,,,https://www.linkedin.com/company/randys-stump-removal,,,"Tree Service,Stump Removal & Grinding",yellowpages,1,0,0,335988243
,Quinn’s Quality Lawn Care,"Detroit, MI 48206",https://quinnsqualitylawncarellc.com,3139269072,,5,18,,,,,,,,0,0,0,0,0,0,0,0,0,0,,,,,,Tree Services,yelp,1,0,0,95546878
,PPM Tree Service & Arbor Care,"31062 W Chicago, Livonia, MI 48150",http://ppmtree.com,7344541900,estimates@ppmtree.com,4.6,29,,,,,171,16,176,1,1,1,0,0,0,0,1,1,1,https://www.facebook.com/PPMTreeServiceArborCare,https://twitter.com/ppmtreelivonia,http://www.linkedin.com/shareArticle?mini=true&url=https://ppmtree.com/program-item/certified-arborist-services/,,,Tree service,google,1,0,0,75792983
,Oakland Arbor Care,"1112 S Lapeer Rd, Lake Orion, MI 48360",https://oaklandarborcareinc.com,2487868733,,,,3.4,10,,,,,,0,0,0,0,0,0,0,0,0,0,,,,,,Tree Services,yelp,1,0,0,95547566
New,No Limit Tree Service of Michigan,"23440 Grand River Ave, Detroit, MI 48219",https://nolimittreemi.com/,2487906579,info@nolimittreemi.com,,,,,,,,,,1,0,0,0,0,0,0,1,1,1,,,,,,,google-places,1,0,0,561321398
New,New Beginning Landscape Service,"5470 Saint Aubin St, Detroit, MI 48211",https://nblandscape.com/,3134911218,info@nblandscape.com,,,,,,,,,,1,0,0,0,0,0,0,1,1,1,,,,,,,google-places,1,0,0,561321951
,Metro Detroit Tree & Firewood,"22585 Ira Blvd, Warren, MI 48091",https://metrodetroittreeandfirewood.com/,5866253398,metrodetroittree@gmail.com,4.9,270,,,,,302,,345,1,1,0,0,0,0,0,1,1,1,https://facebook.com/Metro-Detroit-Tree-And-Firewood-106014350881823/,,,https://www.youtube.com/channel/UCsulq4ccitajW29Dk6RLIZw,https://instagram.com/metrodetroittree,"Tree service in Warren, Michigan",google-places,1,0,0,335988067
,MDL Tree Service,"33560 Giftos Dr, Clinton Township, MI 48035",https://mdltreeservice.com,5867754404,dan.mdltree@gmail.com,4.1,17,5,3,5,22,344,,,0,0,0,0,0,0,0,0,0,0,https://www.facebook.com/MDL-Tree-Service-138316759518832/?fref=ts,,,,,"Tree Services,Firewood,Excavation Services",yelp,1,0,0,95546463
,Marlow Tree Service,"Detroit, MI 48217",https://marlowtreeservice.com,2489960422,,4.9,49,3.7,3,,,,,,0,0,0,0,0,0,0,1,1,0,,,,,,Tree Services,yelp,1,0,0,95546683
,Longtree Tree Service,"23800 Eight Mile W, Southfield, MI 48033",http://longtree.net,2482909417,info@longtree.net,5,156,,,,,111,13,144,1,1,1,0,0,0,0,1,1,1,https://www.facebook.com/longtreetreeservices,,,,,Tree service,google,1,0,0,545882217
New,Cost Friendly Tree Service,"27665 Somerset Ave, Inkster, MI 48141",https://lh3.googleusercontent.com/p/AF1QipPNBe4OSv-45IxR7nw4rEAYZbaLorY4hQ6-WVVU=w360-h480-k-no,3135582222,,5,2,,,,,,,,0,0,0,0,0,0,0,0,1,0,,,,,,"Tree service in Inkster, Michigan",google-places,1,0,0,561321606
,Zion's Tree and Landscaping Services,Serving theDetroit Area,https://lh3.googleusercontent.com/p/AF1QipP7X-EYpAhH2WN0Q3RV0B672z2lGwF4zJM4ytEA=w360-h474-k-no,3137784757,,5,5,,,,,,,,0,0,0,0,0,0,0,0,1,0,,,,,,Tree Service,yellowpages,1,0,0,561320827
,Fred's Tree Service,Serving theDetroit Area,https://lh3.googleusercontent.com/p/AF1QipP5P2Q0As7uD9CtckXnj8mSlb8-vFjKaFON5SZV=w360-h202-k-no,3135663709,,4,2,,,,,,,,0,0,0,0,0,0,0,0,1,0,,,,,,Tree Service,yellowpages,1,0,0,561320851
,Lakeville Tree and Shrub,"Leonard, MI 48367",https://lakevilletreeandsh.wixsite.com/lakevilletreeandsh-2,5865529216,lakevilletreeandshrub@gmail.com,5,16,,,5,5,,,85,1,0,0,0,0,0,0,1,1,0,https://m.facebook.com/LakevilleTreeandShrub/,,,,,Tree Services,yelp,1,0,0,95547570
,LaFountain Tree Specialists,"2630 W Buell Rd, Oakland, MI 48363",https://lafountaintreespecialists.com,2486934135,,,54,3.5,8,,,469,,,0,0,0,0,0,0,0,0,0,0,,,,,,"Tree Services,Damage Restoration",yelp,1,0,0,95547022
New,Juniors Tree services,Serving theDetroit Area,https://juniorstreeservice.net,2488203595,,,,,,,,,,,1,1,0,0,0,0,0,1,1,1,,,,,https://www.instagram.com/juniortreeservice5?igsh=NjZzOWNiZHQyNTFl%20,Tree Service,yellowpages,1,0,0,561320823
,JM Landscaping,"Melvindale, MI 48122",https://jmlandscapingllc.us,3136502670,jmlandscaping247@gmail.com,,,5,1,,,,,,1,1,0,0,0,0,0,0,1,0,,,,,,Lawn Services,yelp,1,0,0,95546880
,Tony’s Shift-&-Lift,"Detroit, MI 48207",https://haulingdetroit.com,7344691674,,,2,,,,,,,,0,0,0,0,0,0,0,0,0,0,,,,,,"Landscaping,Tree Services,Junk Removal & Hauling",yelp,1,0,0,95547933
,Green Thumb Tree and Lawn Services,"11551 Dexter Ave, Detroit, MI",https://greenthumbtreelawn.wixsite.com/greenthumb,,greenthumbtreeandlawnservices@gmail.com,,,,,,,,,,1,1,0,0,0,0,0,1,1,0,,,,,,,bing,1,0,0,95544595
,Ford Landscaping and Snow Removal,"Sterling Heights, MI 48310",https://ford-landscaping-snow-removal.square.site,2484184214,,5,5,5,1,,,,,,1,0,0,0,0,0,0,0,1,0,,,,,,Landscaping,yelp,1,0,0,95546827
,Tree Service & Removal,"Farmington Hills, MI 48336",https://farmingtonhillsstumpremoval.com,2489566818,,,,,,,,,,,0,0,0,0,0,0,0,0,0,0,,,,,,Tree Services,yelp,1,0,0,95547359
,Sunnyside Lawn & Snow,"Detroit, MI 48202",https://detroitlandscapingcompany.com,3133628528,,,,,,,,,,,0,0,0,0,0,0,0,0,0,0,,,,,,"Landscaping,Tree Services,Fences & Gates",yelp,1,0,0,95546887
,Clean Cut Tree Experts,"30660 W 8 Mile Rd, Farmington Hills, MI 48336",http://cleancuttreeexperts.com,7342903370,cleancuttree@sbcglobal.net,4.8,189,,,,,944,82,1300,1,1,1,0,0,0,0,1,1,1,https://www.facebook.com/p/Clean-Cut-Tree-Experts-100065014383615/,,,,,Tree service,google,1,0,0,8555258
,Back To Nature Lawn Care,"10633 Moon Rd, Milan, MI 48160",https://backtonaturellc.com,7349735800,digitaladmin@realgreen.com,4.7,516,2.8,12,,,601,35,595,1,1,0,0,0,0,0,1,1,1,https://www.facebook.com/backtonaturellc/,,,,,"Pest Control,Lawn Services,Tree Services",yelp,1,0,0,95547558
New,A&s professional tree services llc,"9363 Hubbell Ave, Detroit, MI 48228",https://asprofessionaltreeservices.com/,3137279281,aandstreeservices24@gmail.com,,,,,,,,,,1,1,1,0,0,0,0,0,1,0,https://www.facebook.com/share.php?u=https%3A//asprofessionaltreeservices.com&title=A%26S%20Professional%20Tree%20Services%2C%20%20LLC,,,,,,google-places,1,0,0,561321435
,Ascension Tree Care,"Milford, MI 48381",https://ascensiontreecare.com,2488430110,quotes@ascensiontreecare.com,5,17,5,3,,,,,,1,1,0,0,0,0,0,1,1,1,,,,,https://www.instagram.com/ascensiontreecare/,Tree Services,yelp,1,0,0,95544891
,Arborist Prime,"4404 Clintonville Rd, Waterford, MI 48329",https://arboristprimetreeservice.com/,2484595422,arboristprimellc@gmail.com,5,83,5,7,,,,,,1,1,0,0,0,0,0,1,1,1,,,,,,Tree Services,yelp,1,0,0,95546511
,Raymonds Lawn Care and Maintenance,"Wyandotte, MI 48192",https://antoniamm28.wixsite.com/raymondslawncareandm,7342713689,rlcandmaintenance@yahoo.com,5,5,5,2,,,219,,307,1,1,0,0,0,0,0,1,1,0,https://www.facebook.com/RaymondLCM,https://twitter.com/Wix,https://www.linkedin.com/company/wix-com,,,Lawn Services,yelp,1,0,0,95547204
,Andrew Tree Service,"Garden City, MI 48135",https://andrewtreeservice.com,7344594655,,5,15,5,1,5,17,207,,266,1,1,0,0,0,0,0,0,1,0,https://facebook.com/AndrewTreeLLC/,,,,,Tree Services,yelp,1,0,0,95544848
,Amezola Tree Service,"6663 Mercier St, Detroit, MI 48210",https://amezolatreeservice.com/,5862984026,amezolatreeservice@yahoo.com,4.3,113,,,,,611,,647,1,0,0,0,0,0,0,1,1,1,https://www.facebook.com/Amezola-Tree-Service-272039966786332,,,,,"Tree service in Detroit, Michigan",google-places,1,0,0,8553928
,Affordable Tree Service,"16432 Bell Creek Ln, Livonia, MI 48154",https://affordabletreellc.com,3134225375,info@affordabletreellc.com,4,8,5,1,,,,,,1,0,0,0,0,0,0,0,0,0,,,,,,"Tree Services,Firewood",yelp,1,0,0,95547946
,Adrian's Tree Service,"1997 E West Maple Rd, Walled Lake, MI 48390",http://adrianstreeservicemi.com,3132469563,adriantreeservice11@gmail.com,4.9,265,,,,,58,,60,1,1,0,0,0,0,0,1,1,1,https://www.facebook.com/AdrianTreeService/,,,,,Tree service,google,1,0,0,8555475
,ABK Tree Services,"576 E Brockton Ave, Madison Heights, MI 48071",http://abktreeservice.com,2489827362,impallari@gmail.com,4.9,336,,,,,,,,1,1,0,0,0,0,0,0,1,0,,,,,,Tree service,google,1,0,0,8554801
,Classic Turf,"22510 Hoover Rd, Warren, MI 48089",http://www.westsideforestry.com,5867577700,peggy@westsideforestry.com,,,,,,,107,93,111,1,0,1,0,0,0,0,1,1,1,https://facebook.com/Westside-Forestry-Service-128359237242709,,,,,"Tree Service,Landscaping & Lawn Services,Lawn Maintenance",yellowpages,1,0,0,107946526
,True Cut,Farmington Hills,http://www.truecuttree.com/,2487985909,truecuttreecare@hotmail.com,4.6,150,,,4.9,40,630,5,673,1,1,0,0,0,0,0,1,1,1,https://www.facebook.com/TrueCutTree/,,,,,Tree Services,yelp,1,0,0,95547113
,Trees Only MI,"Garden City, MI 48135",http://www.treesonlymi.com,7349998319,excellentservice@treesonlymi.com,5,4,4,1,5,7,189,,224,1,1,0,0,0,0,0,1,1,0,https://www.facebook.com/Trees0nlyMi,,,,,Tree Services,yelp,1,0,0,95545438
,D & C Outdoors,"Waterford Township, MI 48328",http://www.treeservicewaterfordmi.com/,2485686381,,,,2.4,8,,,,,,0,0,0,0,0,0,0,0,0,0,,,,,,"Tree Services,Landscaping",yelp,1,0,0,95547360
,Macomb Tree Service,"Macomb, MI 48042",http://www.treeservicemacomb.com/,5865542955,,,,,,,,,,,1,1,0,0,0,0,0,1,1,0,,,,,,Tree Services,yelp,1,0,0,95547940
,Tree Service HQ,"3269 Gladstone St, Detroit, MI 48206",http://www.treeservicehq.com/tree-service-detroit-mi.php,3134860381,,,,,,,,,,,0,1,0,0,0,0,0,0,0,0,,,,,,Tree Services,yelp,1,0,0,95546684
,Trees & Company,"28 N Saginaw St Ste 501 Pontiac, MI 48342",http://www.treesandcompany.com,2483221277,treesandcompany28@gmail.com,5,24,5,3,,,,,,1,1,0,0,0,0,0,0,1,0,,,,,,Tree Services,yelp,1,0,0,95546932
,The Tree Plus,"Windsor, ON N8X 2V1, Canada",http://www.treeplus.ca,2263501735,aarohask@gmail.com,,,,,,,,,,1,1,0,0,0,0,0,1,1,0,,,,https://www.youtube.com/@treeplusmedia,,,yelp,1,0,0,95544892
,Tree First,"26330 Delton St, Madison Heights, MI 48071",http://www.treefirst.org,2489801637,info@treefirst.org,,,,,,,,,,1,1,0,0,0,0,0,1,1,0,,,,,http://www.instagram.com/tree.first,"Tree Service,Arborists",yellowpages,1,0,0,536795047
,Tocco Mannino Landscaping Inc,"27739 Groesbeck Hwy, Roseville, MI 48066",http://www.toccomannino.com,3138841101,reception@toccomannino.com,2.8,30,,,,,1168,74,1200,1,1,0,0,0,0,0,1,1,0,,,,,https://instagram.com/toccomannino,"Tree Service,Landscape Designers & Consultants,Landscaping & Lawn Services",yellowpages,1,0,0,119190231
,Titan Tree Care,"Windsor, ON N9H 1E6",http://www.titantreecare.ca,5198191056,titan.treecare@yahoo.ca,5,13,5,1,5,15,,,239,1,1,0,0,0,0,0,1,1,0,https://www.facebook.com/143346658968,,,,https://www.instagram.com/titantreecare,Tree Services,yelp,1,0,0,95547027
,Tip Top Timber Co.,"21800 Pratt Rd Armada, MI 48005",http://www.tiptoptimber.com,5866514552,sales@tiptoptimber.com,,,4.8,4,,,,,,1,1,0,0,0,0,0,0,1,0,,,,,,Tree Services,yelp,1,0,0,95546768
,The Tree Surgeon,"271 N Wilson Blvd Mount Clemens, MI 48043",http://www.thetreesurgeonmi.com,5863520775,info@thetreesurgeonmi.com,4.1,40,3.5,13,,,632,16,676,1,1,1,0,0,0,0,1,1,1,https://www.facebook.com/Thetreesurgeon,,,,,Tree Services,yelp,1,0,0,95546380
,Arbor Man LLC,"30846 Bobrich St, Livonia, MI 48152",http://thearborman.com,7347516746,evan@thearborman.com,4.9,125,,,,,,,,1,1,0,0,0,0,0,1,1,1,facebook.net/en_US/sdk.js#xfbml=1&appId=488390501239538&version=v2.0,,,,,Tree service,google,1,0,0,8555239
,Tatrabuilt,"Richmond, MI 48062",http://www.tatrabuilt.com,5865653237,info@tatrabuilt.com,5,9,,,,,54,,145,1,1,0,1,0,0,0,1,1,1,https://www.facebook.com/tatrabuilt.landscaping/,https://twitter.com/tatrabuiltllc,https://www.linkedin.com/company/tatrabuilt-llc/,,https://www.instagram.com/tatrabuiltllc/,"Landscaping,Tree Services,Landscape Architects or Designers",yelp,1,0,0,95546597
,Synergy Lawnscape,"33382 Groesbeck Hwy Fraser, MI 48026",http://www.synergylawnscape.com,5869002260,info@synergylawnscape.com,4.5,29,1,1,,,,,,1,1,0,0,0,0,0,0,1,0,http://www.facebook.com/2008/fbml,,,https://youtube.com/@synergylawnscape?feature=shared,"http://<blockquote class=""instagram-media"" data-instgrm-permalink=""https://www.instagram.com/synergylawnscape/?utm_source=ig_embed&utm_campaign=loading"" data-instgrm-version=""14"" style="" background:#FFF; border:0; border-radius:3px; box-shadow:0 0 1px 0 r","Lawn Services,Snow Removal,Landscape Architects or Designers",yelp,1,0,0,95547108
,Affordable Stump Grinding,"6900 Crosby Lake Ct, White Lake, MI 48383",http://www.stumpgrindingaffordable.com,2484250155,affordablestumpgrinding4u@gmail.com,5,52,5,6,,,,,,1,1,0,0,0,0,0,1,1,0,,,,,,"Tree Services,Landscaping",yelp,1,0,0,95546937
,Sterling Heights Tree Removal & Trimming,"13335 15 Mile Rd Ste 188 Sterling Heights, MI 48312",http://www.sterlingheightstree.com,5862001399,,,,,,,,,,,0,0,0,0,0,0,0,0,0,0,,,,,,Tree Services,yelp,1,0,0,95546508
,Special Tree,"15098 Mccann St, Southgate, MI 48195",http://www.specialtree.com,7342857064,irenesloan@specialtree.com,,,,,,,,,,1,1,0,0,0,0,0,1,1,0,,,https://www.linkedin.com/company/special-tree-rehabilitation-system,https://www.youtube.com/watch?v=BdkISF79njA,https://www.instagram.com/specialtreerehab,"Tree Service,Home Centers,Stump Removal & Grinding",yellowpages,1,0,0,291872447
,Signature Services,"9455 W Fort St Detroit, MI 48209",http://www.signatureoutdoorservice.com,3135518910,info@signatureoutdoorservice.com,4.6,11,,,,,642,112,738,1,1,0,0,0,0,0,0,1,0,https://facebook.com/signatureservice1998,,,,,"Snow Removal,Landscaping,Masonry/Concrete",yelp,1,0,0,95546689
,S & B Seasonal Services,"30451 Little Mack Ave, Roseville, MI 48066",http://www.sbseasonalservices.com,5863811979,,4.8,17,5,5,,,129,,141,0,0,0,0,0,0,0,0,1,0,,,,,,"Snow Removal,Landscaping,Tree Services",yelp,1,0,0,95546294
,Royal Oak Tree Service,"430 N Kenwood Ave, Royal Oak, MI 48067",http://www.royaloaktreeservice.org/,2486949990,,,,5,1,,,,,,0,0,0,0,0,0,0,1,1,0,,,,,,,yelp,1,0,0,95544078
,Ron-Kare Landscape Co,"17080 Masonic Ste 218, Fraser, MI 48026",http://www.ron-kare.com,5862968060,,,,,,,,,,,0,0,0,0,0,0,0,0,0,0,,,,,,"Tree Service,Landscaping & Lawn Services,Weed Control Service",yellowpages,1,0,0,119186422
,Ricks Tree Service,"Novi, MI 48377",http://www.rickstreeservice.com,2482270612,rick@rickstreeservice.com,,,5,1,,,,,,1,0,0,0,0,0,0,1,0,0,,,,,,Tree Services,yelp,1,0,0,95546459
,Reliable Stump Removal,Serving theDetroit Area,http://www.reliabletreeremoval.com/?matchtype=XNPLL&amp;network=yp&amp;keyword=stump+removal+grinding&amp;source=193-17-11,8443459299,,,,,,,,,,,0,1,1,0,0,0,0,1,1,0,,,,,,Stump Removal &amp; Grinding,yellowpages,1,0,0,95543722
,Oakland Tree Service,"Rochester Hills, MI 48307",http://www.oaklandtreeservice.com,2488522550,,4.7,37,5,3,,,,,,1,0,0,0,0,0,0,1,0,0,,,,,,Tree Services,yelp,1,0,0,95546377
,Oakland Tree Removal & Trimming,"29193 Northwestern Hwy Ste 761 Southfield, MI 48034",http://www.oaklandtreeremovals.com/,2482913711,,,,5,1,,,,,,1,0,0,0,0,0,0,0,0,0,,,,,,Tree Services,yelp,1,0,0,95546592
,Mr. Tree Service,"280 N Old Woodward Ave Ste 100 Birmingham, MI 48009",http://www.mrtreemi.com,2489198671,,,,,,,,,,,0,0,0,0,0,0,0,0,0,0,,,,,,Tree Services,yelp,1,0,0,95547658
,Model Landscapes,"Canton, MI 48187",http://www.modellawncare.com,7345600545,info@modellawncare.com,,,5,4,,,,,,1,1,0,0,0,0,0,1,1,0,https://www.facebook.com/ModelLandscapes/,,,,,"Lawn Services,Snow Removal",yelp,1,0,0,95546379
,Premier services,"Livonia, MI 48152",http://www.mipremierservices.com,3135156075,,,,,,,,,,,1,1,0,0,0,0,0,0,1,0,,,,,http://instagram.com/drpremierservices,"Landscaping,Excavation Services",yelp,1,0,0,95547210
,Mike Whelan’s Tree Service,"Plymouth, MI 48170",http://www.mikestreeandstumpservices.com,7344593707,mikestree_service@hotmail.com,,,3,2,,,,,420,1,1,0,0,0,0,0,1,0,1,https://www.facebook.com/mikestreeandstumpservices,https://twitter.com/MikesTreeServ,,http://www.youtube.com/watch?v=-my1cKfDbY0,,"Tree Services,Firewood",yelp,1,0,0,95546685
,Metro Detroit Tree Service,"12113 Woodbine Ave, Redford Charter Twp, MI 48239",http://metrodetroittreeservice.com,3135839897,info@metrodetroittreeservice.com,4.3,18,,,,,,,,1,1,0,0,0,0,0,0,0,0,,,,,,,google,1,0,0,8554249
,McGraw Tree Service,"2799 Front Road, Windsor, ON N9J 2N5",http://www.mcgrawtreeservice.com,2263440088,,4.9,200,3.7,3,,,,,,1,0,0,0,0,0,0,0,1,0,https://www.facebook.com/Mcgrawtree/?ref=aymt_homepage_panel,,,,,Tree Services,yelp,1,0,0,95546682
,Madison Tree & Snow,"Redford Charter Township, MI 48240",http://www.madison-tree.com,3137201196,,3.7,3,5,2,,,,,,0,0,0,0,0,0,0,0,0,0,,,,,,"Snow Removal,Tree Services",yelp,1,0,0,95547364
,Lucia Landscaping,"27230 Gloede Dr, Warren, MI 48088",http://www.lucialandscaping.com,5864458900,contact@lucialandscaping.com,,,,,,,1045,68,1100,1,1,0,1,0,0,0,1,1,0,https://www.facebook.com/lucialandscaping/,,https://www.linkedin.com/company/lucia-landscaping-inc-,https://www.youtube.com/channel/UC6USu6eEIXSE-ByVMowAaNA,https://www.instagram.com/lucialandscaping/,"Tree Service,Landscape Contractors,Landscape Designers & Consultants",yellowpages,1,0,0,107946682
,Live Oak Tree,"27653 Bohn St, Roseville, MI 48066",http://www.liveoaktreecompany.com,5864191783,,4.9,11,3.7,6,,,,,,0,0,0,0,0,0,0,0,1,0,,,,,,Tree Services,yelp,1,0,0,95547356
,Little Tree Capital,"8424 E 12 Mile Rd, Warren, MI 48093",http://www.littletreecapital.com,5865588250,,,,,,,,,,,0,0,0,0,0,0,0,1,0,0,,,,,,Tree Service,yellowpages,1,0,0,95543770
,Landgraff Tree Service,"5975 North Service Road E, Windsor, ON N8T 3P2",http://www.landgrafftreeservice.com,5199454385,info@landgrafftreeservice.com,4,8,3,2,,,,,,0,1,0,0,0,0,0,1,0,0,,,,,,Tree Services,yelp,1,0,0,95546833
,Lakes Forestry Tree Service,"1945 Twin Sun Cir, Walled Lake, MI 48390",http://www.LakesForestry.com/,2489090141,kbenestad45@gmail.com,5,29,4.5,25,,,,,,1,1,0,0,0,0,0,1,0,0,https://www.facebook.com/LakesForestryTreeService/,,,,,Tree Services,yelp,1,0,0,95546518
,Ladina Lumber,"Redford Charter Township, MI 48239",http://www.ladinalumber.com,7347877719,ladinalumber.com@wix-domains.com,,,,,,,,,,0,0,0,0,0,0,0,0,0,0,,,,,,"Tree Services,Firewood",yelp,1,0,0,95547457
,K N K Tree Service,"Orion Township, MI 48359",http://www.knktree.com,2488354731,9e9706bf8b6b4cc482b8f9a6da77d77f.protect@withheldforprivacy.com,,,5,1,,,,,,0,0,0,0,0,0,0,0,0,0,,,,,,Tree Services,yelp,1,0,0,95544104
,K & S Tree Service,"1430 Rochester Rd, Leonard, MI 48367",http://www.kandstreeservice.com,2482369299,kevinboyttree@gmail.com,3.9,55,3.1,7,3.9,19,,,156,1,1,0,0,0,0,0,1,1,1,https://www.facebook.com/kstreeservicemi/,,https://www.linkedin.com/kevinboyt,,,Tree Services,yelp,1,0,0,95547203
,Junk Removal Masters,"Columbus, MI 48063",http://www.junkremovalmasters.com,8103101391,eae7e6050ada471c8f999383f2341c65.protect@withheldforprivacy.com,5,4,5,2,,,,,,1,1,0,0,0,0,0,0,1,0,,,,,,"Junk Removal & Hauling,Tree Services",yelp,1,0,0,95547562
,JCS Tree Services,"1330 Souter Blvd, Troy, MI 48334",http://www.jcstreeservicesmi.com,2489659844,info@jcstreeservicesmi.com,,,5,5,,,386,,461,1,0,0,0,0,0,0,1,1,1,https://www.facebook.com/jcstreeservicesmi,,,https://www.youtube.com/embed/LTd5gudeCpo?feature=oembed?playlist=LTd5gudeCpo&mute=0&autoplay=0&loop=no&controls=0&start=0&end=,https://www.instagram.com/jcstreeservices/,Tree Services,yelp,1,0,0,95546465
,Jay’s Lawn Care and Custom Curbs,"Detroit metro, MI 48204",http://www.jayslawncareandcustomcurbs.com,3139292061,,3,2,4.3,4,,,,,,0,0,0,0,0,0,0,0,0,0,,,,,,"Lawn Services,Junk Removal & Hauling",yelp,1,0,0,95547465
,Iacono Contracting,"3540 AVONDALE AVE, WINDSOR, ON N9E 1X9",http://www.iaconocontracting.com,2262460986,iacono.contracting@gmail.com,3.7,6,,,,,,,,1,0,0,0,0,0,0,1,1,1,,,,,,"General Contractors,Masonry/Concrete,Tree Services",yelp,1,0,0,95547299
,Huff's Tree Service,Serving theDetroit Area,http://www.huffstreeservice.com,2487396011,admin@huffstreeservice.com,5,9,,,,,604,,735,1,1,1,1,0,0,0,1,1,1,https://www.facebook.com/HuffsTreeLLC,,,,https://instagram.com/huffstreeservice?igshid=YmMyMTA2M2Y=,Tree Service,yellowpages,1,0,0,561320810
,Horton’s Tree Service,"30709 John Hauk St, Garden City, MI 48135",http://www.hortonstreeservice.com,7344221634,hortonstreeservice@gmail.com,,,2.3,23,,,34,,,1,1,0,0,0,0,0,0,1,0,https://www.facebook.com/pages/category/Tree-Cutting-Service/Hortons-Tree-Service-200965950498655/,,,,,"Tree Services,Crane Services",yelp,1,0,0,95546765
,Hill Top Tree Service,"34235 Cherry Hill Rd, Westland, MI 48186",http://www.hilltoptreeservice.com/,7347293652,,2.9,36,3.7,12,,,,,,0,0,0,0,0,0,0,0,0,0,,,,,,Tree Services,yelp,1,0,0,95546462
,Handy Feller Tree Service,"15618 Oconnor Ave, Allen Park, MI 48101",http://www.handyfeller.com,3133888440,sales@handyfeller.com,4.8,29,4.3,7,,,,,,0,0,0,0,0,0,0,0,1,0,,,,,,Tree Services,yelp,1,0,0,95544478
,Greentrees,"2614 Leach Rd, Rochester Hills, MI 48309",http://www.greentrees.biz,2488521105,office@greentreesmi.com,4.2,12,2.8,4,,,,,,1,1,0,0,0,0,0,1,1,0,,,,,,"Tree Services,Landscaping",yelp,1,0,0,95547944
,Greenstreet Tree Care,"8296 Dexter-Chelsea Rd, Dexter, MI 48130",http://www.greenstreettree.com,7349969020,design@lotusgardenscapes.com,4.3,24,4.4,12,,,,,,1,0,0,0,0,0,0,1,1,1,https://www.facebook.com/lotusgardenscapes/,,,,https://www.instagram.com/lotus_gardenscapes/,Tree Services,yelp,1,0,0,95546289
,Green Leaf Landscaping,"3164 Bellevue Rd Toledo, OH 43606",http://www.greenleaf419.com,4199027720,greenleaf.nas@gmail.com,3.7,3,5,1,,,,,,0,0,0,0,0,0,0,1,1,0,,,,,,"Lawn Services,Fences & Gates,Handyman",yelp,1,0,0,95546830
,Good Guys Lawn & Landscape,"Ann Arbor, MI 48106",http://www.getgoodguys.com,7344704070,office@getgoodguys.com,4.5,121,4.1,14,,,,,,1,1,0,0,0,0,0,1,1,1,https://www.facebook.com/getgoodguys,,,,,"Snow Removal,Lawn Services",yelp,1,0,0,95546371
,Freier Forestry,"7836 Webster Church Rd, Whitmore Lake, MI 48189",http://www.freierforestry.com,7348081223,info@freierforestryllc.com,4.7,20,5,1,,,2157,,2100,1,1,0,0,0,0,0,1,1,1,https://www.facebook.com/freierforestry/,,https://www.linkedin.com/company/freier-forestry,https://www.youtube.com/channel/UCqBwrrWj-59U6NyfIBUKTyA,,Tree Services,yelp,1,0,0,95546369
,Freel Deal Tree Services,"Southgate, MI 48195",http://www.freeldealtrees.com,3137900980,freeldealtrees@yahoo.com,5,2,5,4,,,74,,,1,1,0,0,0,0,0,1,1,0,https://www.facebook.com/100836833038366,,,,,Tree Services,yelp,1,0,0,95544099
New,Ed's Service,"21003 Harper Ave, Saint Clair Shores, MI 48080",http://www.edrinke.com,5867789412,dwallace@edrinke.com,,,,,,,263,103,394,1,1,1,1,0,0,0,1,1,0,https://www.facebook.com/EdRinkeChevroletBuickGMC/,,,,,Tree Service,yellowpages,1,0,0,561320898
,DJC Property Management,"Troy, MI 48083",http://www.djctree.com,2488170767,djcpmanagement1@gmail.com,,,5,3,5,14,,,313,1,1,0,0,0,0,0,0,0,0,https://www.facebook.com/DJC-Property-Management-Inc-1453328248040843/,,,,https://www.instagram.com/djc_propertymanagementinc/,Tree Services,yelp,1,0,0,95546934
,Detroit Landscaping Company,"43313 Woodward Ave Ste 1272 Bloomfield Hills, MI 48302",http://www.detroitlandscapingco.com,2483975553,detroitlandscapingco@gmail.com,5,8,,,,,28,,72,1,1,0,0,0,0,0,0,1,0,https://facebook.com/detroitlandscapingco,,,,https://www.instagram.com/reel/C6RibX2r_GY/,"Landscaping,Tree Services",yelp,1,0,0,95547564
,Dearborn Tree Services,"Dearborn, MI 48124",http://www.dearborntreeservice.com/,3135637606,,4,86,,,,,,,,0,0,0,0,0,0,0,0,0,0,,,,,,"Tree service in Dearborn, Michigan",google-places,1,0,0,8554338
,Dearborn Tree Service,"36222 Glenwood Rd, Westland, MI 48186",http://www.dearborntreeservice.com,7347281346,,2.9,22,2.5,28,,,,,,0,0,0,0,0,0,0,1,0,1,https://www.facebook.com/james.bohen.50,,,,,Tree Services,yelp,1,0,0,95547295
,Dan’s Tree Service,"Windsor, ON N8Y 2Z9",http://www.danstreeservice.ca,5199901627,mattgraff21@gmail.com,4.9,8,1,1,,,57,,,1,1,0,0,0,0,0,1,1,1,https://facebook.com/Danstreeservicewindsor/,,,,,Tree Services,yelp,1,0,0,95545948
,Cut My Tree Down,"8630 N Middlebelt Rd, Westland, MI 48185",http://cutmytreedown.com,3135629051,admin@cutmytreedown.com,4.7,79,,,,,1869,13,1900,1,0,1,0,0,0,0,1,1,1,https://www.facebook.com/cutdownmytrees/,,,,https://www.instagram.com/cutmytreedown/,Tree service,google,1,0,0,95546748
,Cruz Tree Service,"Detroit, MI 48201",http://www.cruztreeservice.net,2482522071,,4.5,8,5,2,,,,,,1,1,0,0,0,0,0,0,0,0,,,,,,Tree Services,yelp,1,0,0,95546288
,Conservation Tree,"21522 Behrendt Ave, Warren, MI 48091",http://conservationtreeservice.com,5869094584,03e66fb4701445d88f363936ef9471c6.protect@withheldforprivacy.com,,,,,,,,,,1,1,0,0,0,0,0,0,1,0,,,,,,Tree Service,yellowpages,1,0,0,411723074
New,Cassidy & Company Tree Service,"1008 Goddard Rd, Wyandotte, MI 48192",http://www.cassidytree.com/,7346431745,cassidytreecare@gmail.com,5,23,,,,,3354,,3400,1,1,0,1,0,0,0,1,1,1,https://www.facebook.com/AxiomThemes-505060569826537/,https://twitter.com/ThemesAxiom,,,https://www.instagram.com/axiom_themes/,"Tree service in Wyandotte, Michigan",google-places,1,0,0,561321010
New,Camelot Tree & Shrub,"23894 Amber Ave, Warren, MI 48089",http://www.camelottree.com,5864865272,clint@camelottree.com,4.2,63,,,,,272,7,312,1,1,0,0,0,0,0,1,1,1,https://www.facebook.com/camelottree/,https://twitter.com/camelottreeco,https://www.linkedin.com/company/camelot-tree-&-shrub-co-/,,https://www.instagram.com/camelottree/,"Tree Service,Arborists,Stump Removal & Grinding",yellowpages,1,0,0,561320959
,Bully’s Tree Service,"Southfield, MI 48075",http://www.bullystreeservice.com,3139261661,,,,5,3,,,,,,0,0,0,0,0,0,0,1,0,0,,,,,,Tree Services,yelp,1,0,0,95546514
,Brown Bear Tree Service,"Roseville, MI 48066",http://www.brownbeartreeservice.com,2486788123,mikebrown107@icloud.com,5,2,5,2,4.2,361,58494,,64000,1,0,0,0,0,0,0,0,0,0,https://www.facebook.com/Plesk,,,https://www.youtube.com/channel/UCeU-_6YHGQFcVSHLbEXLNlA/playlists,,Tree Services,yelp,1,0,0,95546588
,Bonk Tree Service,"Saint Clair Shores, MI 48080",http://www.BonkTreeService.com,5868505472,,4.6,110,4.5,2,,,,,,0,0,0,0,0,0,0,0,0,0,,,,,,Tree Services,yelp,1,0,0,95546291
,Bloomfield Tree Service,"3630 W Maple Rd Ste 229 Bloomfield Hills, MI 48301",http://www.bloomfieldtree.com/,2484192011,,,,5,1,,,,,,0,0,0,0,0,0,0,0,0,0,,,,,,Tree Services,yelp,1,0,0,95547464
,Big Dave’s,"18603 Parkside St, Detroit, MI 48221",http://www.bigdavestree.com,3137946000,bigdavestreeservice@yahoo.com,,,,,4.7,8,115,,126,1,1,0,0,0,0,0,1,1,1,https://www.facebook.com/Big-Daves-Tree-Service-1088518771200910/,,,,,Tree Services,yelp,1,0,0,95546292
,A.W.D. Tree Service,"2200 Taft Rd Ste 101 Bruce, MI 48065",http://www.awdtree.com,2489231898,,,,5,2,,,,,,0,0,0,0,0,0,0,0,0,0,,,,,,Tree Services,yelp,1,0,0,95547568
,Avon Tree Service LLC,"1430 E Heights St, Madison Heights, MI 48071",http://www.avontree.com,2485463333,avontree@outlook.com,,,,,,,,,,1,0,0,0,0,0,0,1,1,0,,,,,,"Tree Service,Arborists",yellowpages,1,0,0,335989020
,Avery’s Tree Service,"Oxford, MI 48371",http://www.averystree.business,2487869395,,4.3,99,3.8,10,,,,,,0,0,0,0,0,0,0,0,0,0,,,,,,Tree Services,yelp,1,0,0,95546939
,Ashton Tree & Landscape Service,"30443 Industrial Rd, Livonia, MI 48150",http://ashtontreeservice.com,7345221660,kirsten@ashtontreeservice.com,4.5,53,,,,,,,,1,1,1,0,0,0,0,1,1,0,,,,,,Landscaper,google,1,0,0,8555449
,Arbor-Tech Tree Care,"2755 Saddel Ln, Dryden, MI 48428",http://www.arbortechtreecare.biz,5863431259,,4.8,17,5,9,,,,,,0,0,0,0,0,0,0,0,1,0,,,,,,Tree Services,yelp,1,0,0,95544884
,Al’s Tree Service,"Detroit, MI 48213",http://www.alstreeservices.com,3132132186,alonzoking0000@gmail.com,4.2,50,3,2,,,,,,1,1,0,0,0,0,0,0,1,0,,,https://linkedin.com/#,https://youtube.com/2S7UhmFL33s,,Tree Services,yelp,1,0,0,95545441
,All Year Tree Service,"Belleville, MI 48111",http://www.allyeartree.com,7344618733,,4.8,48,5,4,,,,,,1,1,0,0,0,0,0,1,1,1,,,,,,Tree Services,yelp,1,0,0,95547103
,Alan’s Tree Service,"56 Florence St, Clawson, MI 48017",http://www.alanstreeservice.com,2485885818,alanstreeservice@yahoo.com,4.6,66,4.2,16,,,,,,0,0,0,0,0,0,0,1,1,0,,,,,,Tree Services,yelp,1,0,0,95546460
,Advanced Tree Solutions,"Orion, MI 48362",http://www.advancedtreesolutions.com,2489411862,jess@advancedtreesolutions.com,4.9,263,4.5,15,,,,,,1,0,0,0,0,0,0,1,0,0,,,,,,"Tree Services,Damage Restoration",yelp,1,0,0,95547663
,Addison Tree & Outdoor Services,"Lakeville, MI 48367",http://www.addisontree.com,2488301080,addisontree@gmail.com,4.8,41,4.4,23,4.8,16,434,,448,1,1,0,0,0,0,0,1,1,1,https://www.facebook.com/pages/category/Tree-Cutting-Service/Addison-Tree-Outdoor-Services-155731697771177/,,,,,"Tree Services,Landscaping,Firewood",yelp,1,0,0,95546935
,Wilson Tree Service,,http://wilsontreeservice.ca,15199197096,contact@wilsontreeservice.ca,4.9,162,,,,,298,3,,0,1,0,0,0,0,0,1,1,0,https://www.facebook.com/WilsonTreeServiceInc,,,https://www.youtube.com/channel/UCe90jqjKKo3De0NKW04YXaw,https://www.instagram.com/wilsontreeserviceca,Tree service,google,1,0,0,8555140
,Vision Restoration & Building Co,"5400 S Beech Daly St, Dearborn Heights, MI 48125",http://visionrestorationservices.com,3132991730,mail@visionrestoration.com,2.7,27,,,,,,,,1,1,0,0,0,0,0,1,1,1,,,,,,"Tree Service,General Contractors,Door Repair",yellowpages,1,0,0,129072564
,T-Rox Stump Grinding,"23063-23199 Evergreen Rd, Southfield, MI 48075",http://troxstumpgrinding.com,2489048429,chris@t-rows.com,5,6,,,5,6,214,2,219,1,1,0,0,0,0,0,1,1,0,https://www.facebook.com/1632471990302157,,,https://www.youtube.com/channel/UCn9ZiRy8xRqJzbWS6bOgwng,,,google,1,0,0,95549379
,Budget Tree Service,"585 Quatro Ln, Leonard, MI 48367",http://treeservicewashingtonmi.com,5867813049,,5,2,3.7,3,,,,,,0,0,0,0,0,0,0,0,1,0,,,,,,Tree Services,yelp,1,0,0,95546888
New,Tree Services Windsor,,http://treeserviceswindsor.com,12269461498,treeserviceswindsor@gmail.com,5,24,,,,,,,,1,1,0,0,0,0,0,1,1,1,,,,,,Tree service,google,1,0,0,561321485
,Southfield Tree Care,,http://treeservicesouthfield.com,2482898582,pw-8f22b80135d0e6211110ccf8e2ddcea6@privacyguardian.org,5,20,,,,,,,,1,1,0,0,0,0,0,1,1,1,,,,,,Tree service,google,1,0,0,95549081
New,Dutton Tree Service,,http://treeservicerochesterhills.com,2482662033,info@treeservicerochesterhills.com,4.8,20,,,,,,,,1,1,0,0,0,0,0,1,1,1,https://www.facebook.com/Dutton-Tree-Service-104933621481265,,,,,Tree service,google,1,0,0,561320258
,Detroit Tree Service Pro,,http://treeservicedetroit.net,2487123760,,5,1,,,,,,,,1,1,0,0,0,0,0,1,1,1,,,,,,Tree service,google,1,0,0,8554259
,Treemendous Tree Care LLC,"33615 Red Run St, Sterling Heights, MI 48312",http://treemendoustreecarellc.net,2485060241,,4.8,186,,,,,,,,1,1,0,0,0,0,0,1,1,1,https://www.facebook.com/Treemendous-Tree-Care-  2332590306974557/,,,,,Tree service,google,1,0,0,34365674
,Tree Doctor Co,"1841 Monroe St, Dearborn, MI 48124",http://treedoctorcompany.com,3135651442,,,,,,,,,,,0,0,0,0,0,0,0,1,1,0,,,,,,Tree Service,yellowpages,1,0,0,411705596
New,Travis Tree Service LLC,"6019 Auburn Rd, Shelby Charter Township, MI 48317",http://travistree.com,5867812237,travistreeservice@yahoo.com,4.7,48,,,,,514,199,523,1,1,0,0,0,0,0,1,1,1,https://www.facebook.com/travistree52,,,,,Tree service,google,1,0,0,561321076
,Total Tree Service,"14890 Hanover Ave, Allen Park, MI 48101",http://totaltreeservice.localsearch.com,3139253839,fjastrabek@gmail.com,,,,,,,,,,1,1,0,0,0,0,0,1,1,0,,,,,,Tree Service,yellowpages,1,0,0,120067513
,TNT Tree & Stump,"8527 Gray St, Livonia, MI 48150",http://tnttreeandstump.com,7347184239,,4.8,24,4.5,8,,,,,,0,0,0,0,0,0,0,0,1,0,,,,,,Tree Services,yelp,1,0,0,95545444
,T N T Tree Service,"19836 Savage Rd, Belleville, MI 48111",http://tnttree.com/,7347535800,tntprotreeserv1@yahoo.com,4.6,48,5,2,4.9,44,401,90,,0,0,0,0,0,0,0,0,1,0,https://www.facebook.com/TNT-Tree-Service-Inc-121276397947318/,,,,,Tree Services,yelp,1,0,0,95544859
,The Tree Men,"8132 Willow Rd, Milan, MI 48160",http://Thetreemen.net,7349615224,nrobert@broofa.com,,,,,,,,,,1,0,0,0,0,0,0,0,1,0,,,,,,Tree Services,yelp,1,0,0,95547362
,Sutter's Tree Service,"27260 Wick Rd, Taylor, MI 48180",http://sutterstreeservice.com/,7344409646,info@sutterstreeservice.com,4.5,17,,,,,66,,304,1,1,0,0,0,0,0,1,1,0,https://www.facebook.com/241948012339544,,,,,"Tree service in Taylor, Michigan",google-places,1,0,0,408855209
,StumpWerx Tree Service,"16670 Glenmoor Blvd, Macomb, MI 48044",http://stumpwerxtree.com/,2486069731,Anthony@StumpWerxTree.com,5,118,,,,,,,302,1,1,0,0,0,0,0,1,1,0,https://www.facebook.com/StumpWerx/,,,,,"Tree service in Macomb County, Michigan",google-places,1,0,0,313373420
,Stewart’s Tree Service,"Westland, MI 48186",http://stewartstree.net,7347298815,maresunshine@sbcglobal.net,3.8,4,,,,,,,3,1,1,1,0,0,0,0,1,1,0,https://www.facebook.com/Stewarts-Tree-Service-Inc-648785235284491/,,,,,Tree Services,yelp,1,0,0,95546766
,Spears Tree Service,"43662 Amber Ct, Canton, MI 48188",http://spearstreeservice.com,7348448733,info@spearstreeservice.com,,,4.7,13,,,429,2,,1,0,0,0,0,0,0,1,1,1,https://www.facebook.com/spearstree/,https://twitter.com/share?text=Storm%20Damage&url=https://spearstreeservice.com/?p=330,http://linkedin.com/shareArticle?mini=true&title=Storm%20Damage&url=https://spearstreeservice.com/portfolio-item/storm-damage/,,,Tree Services,yelp,1,0,0,95545937
,Ross Lawn Care and Snow Removal,"22200 W Eleven Mile Rd, Southfield, MI 48037",http://rosslawncaresnowremoval.com,2483887790,rosslawnandsnowcorp@gmail.com,4,4,,,,,,,,1,1,0,0,0,0,0,1,1,0,facebook.net/en_US/sdk.js#xfbml=1&version=v2.8&appId=1822295708016537,,,,,"Tree Service,Lawn Maintenance,Landscaping & Lawn Services",yellowpages,1,0,0,119195399
,RAL Lawn &amp; Shrub Care,"PO Box 532, Hazel Park, MI 48030",http://rallawn.net,2485843506,,4.6,10,,,,,,,,0,0,0,0,0,0,0,0,1,0,,,,,,"Tree Service,Weed Control Service,Insecticides",yellowpages,1,0,0,8553898
,Rainbow Lawn And Tree Service,Serving theDetroit Area,http://rainbowcutters.net,3133185151,,5,16,,,,,,,,1,0,0,0,0,0,0,1,1,0,,,,,,"Tree Service,Landscape Contractors,Landscape Designers & Consultants",yellowpages,1,0,0,329782244
,Premier Tree Care of West Bloomfield,"7193 Locklin, Ste 101 West Bloomfield, MI 48324",http://premiertreecare.net,2489491071,bd8ba270a1a74d8a82268f5ab1929140.protect@withheldforprivacy.com,,,3,2,,,,,,1,1,0,0,0,0,0,0,1,0,,,,,,Tree Services,yelp,1,0,0,95547463
,P.Jay's Tree Service LLC,,http://pjaystreeservice.com,3134665733,latishacalloway32@gmail.com,4.8,27,,,,,,,,0,0,0,0,0,0,0,0,1,0,,,,,,Tree service,google,1,0,0,61130989
,The Original Budget Tree Service,"30117 Fink St, Farmington Hills, MI 48336",http://originalbudgettreeservice.com,8009647785,originalbts@aol.com,4.5,82,,,,,,,,1,1,0,0,0,0,0,0,1,0,,,,,,Tree service,google,1,0,0,8555421
,"One of a Kind Tree Services, LLC.","16275 Dix Toledo Rd, Southgate, MI 48195",http://oneofakindtreeservice.com,3136624208,oneofakindtree@gmail.com,4.6,81,,,,,,,,1,0,0,0,0,0,0,0,1,0,,,,,,Tree service,google,1,0,0,535654818
,OMY Tree Service LLC,,http://omytreeservicellc.com,3135744168,gonzalez.soto93@gmail.com,5,4,,,,,,,,0,0,0,0,0,0,0,1,1,1,,,,,,Tree service,google,1,0,0,95546585
New,Olympia Tree Care Ltd.,"1408 Morningstar Ave, Windsor, ON N8P 1R3, Canada",http://olympiawindsor.ca/,15197968337,igorkonakov02@gmail.com,4.8,40,,,,,,,,1,1,0,0,0,0,0,1,1,0,,,,,,"Tree service in Windsor, Ontario",google-places,1,0,0,561321686
,Tree Service Oak Park Mi,"14210 W 9 Mile Rd, Oak Park, MI 48237",http://oakparktreeservicepros.com/tree-removal,2483319068,,,,,,,,,,,1,0,0,0,0,0,0,1,1,1,,,,,,Tree Service,yellowpages,1,0,0,95543426
,Stevie Tree,"41000 Woodward Ave Ste 350 Bloomfield Hills, MI 48304",http://oaklandcountytreeservice.com,8106600249,,4.8,28,,,,,,,,0,0,0,0,0,0,0,0,0,0,,,,,,Tree Services,yelp,1,0,0,95547945
,New services,"Orion Township, MI 48359",http://newservicesllc.com,2489614521,,,,,,,,594017,,46,1,1,0,1,0,0,0,1,1,0,http://www.facebook.com/wix,http://www.twitter.com/wix,,,,"Tree Services,Excavation Services",yelp,1,0,0,95546458
New,Mr. Maple Tree Service,,http://mrmapletreeservice.com,5868232331,ed.mrmapletreeservice@gmail.com,5,59,,,,,,,,1,1,0,0,0,0,0,0,1,0,,,,,,Tree service,google,1,0,0,561321379
,Modern Tree & Landscape,"Birmingham, MI 48012",http://moderntreeandlands.wixsite.com/tree-service,2485612733,moderntreeandlandscape@gmail.com,4.8,32,4.4,7,,,,,214,1,1,0,0,0,0,0,1,1,0,http://www.facebook.com/moderntreeandlandscape,,,,,Landscaping,yelp,1,0,0,95545456
,Michigan LumberJax,"Ann Arbor, MI 48104",http://michiganlumberjax.com,7348344465,michiganlumberjax.com@wix-domains.com,,,5,5,,,,,,0,0,0,0,0,0,0,0,1,0,,,,,,"Tree Services,Firewood,Landscaping",yelp,1,0,0,95544506
,Mckay Tree Specialists,"Livonia, MI 48154",http://Mckaytreespecialists.com,2483087308,,,,5,9,,,,,,1,0,0,0,0,0,0,1,1,0,,,,,,Tree Services,yelp,1,0,0,95545453
,Marlow Tree Service LLC,,http://marlowtreeservicellc.com,,marlowtreeservice@gmail.com,4.9,51,,,,,,,1400,1,0,0,0,0,0,0,1,1,0,https://www.facebook.com/marlowtreeservice?mibextid=ZbWKwL,,,,,Tree service,google,1,0,0,95544813
,BlackTreeDetroit,,http://linktr.ee,3133298255,contact@gdprlocal.com,,,,,,,,,,1,1,0,0,0,0,0,1,1,0,,https://twitter.com/linktree_,,https://www.youtube.com/static?template=terms&gl=AU,https://instagram.com/linktr.ee,Tree service,google,1,0,0,95549323
,JCS Tree Care Professionals,,http://jcstree.com,2489659035,info@jcstree.com,4.9,140,,,,,,,,1,1,0,0,0,0,0,1,1,1,https://www.facebook.com/jcstreeservicesmi,,,,https://www.instagram.com/jcstreecareprofessionals/,Tree service,google,1,0,0,536807529
,Jason's Tree Service,,http://jaystree.com,7348374183,info@jasonstreeservicellcut.com,4.9,28,,,,,,,,1,1,0,0,0,0,0,1,1,1,,,,,,Tree service,google,1,0,0,336099190
,HireaClimber,"Detroit, MI 48234",http://hireaclimber.info,3137734187,,,,5,1,,,,,,1,1,0,0,0,0,0,1,1,0,,,,,,Tree Services,yelp,1,0,0,95544863
New,Helping Hands Tree Service,"3020 Sandwich St., Windsor, ON N9A 1C6, Canada",http://helpinghandstreeservice.com/,15195661088,,4.7,13,,,,,,,,1,0,0,0,0,0,0,1,1,1,,,,,,"Tree service in Windsor, Ontario",google-places,1,0,0,561321372
,Heidtman Enterprises,"4194 School Rd, Temperance, MI 48182",http://heidtman.us,4193048609,heidtman.enterprises@gmail.com,,,,,,,118,,,0,0,0,0,0,0,0,0,0,0,,,,,,"Tree Services,Demolition Services,Excavation Services",yelp,1,0,0,95547293
,Handy Harris,"Detroit, MI 48219",http://handyharrismi.com,3135955525,,,,,,,,,,,0,0,0,0,0,0,0,0,0,0,,,,,,"Landscaping,Tree Services",yelp,1,0,0,95547936
,Turf and Timber - Tree Experts,"21715 Harper Avenue, St. Clair Shores, MI 48080",http://grossepointetreeservice.com,3138859292,info@emailaddress.com,3.7,9,,,,,,,,1,1,0,0,0,0,0,1,1,0,,,,,,"Tree Service,Landscaping & Lawn Services,Landscape Contractors",yellowpages,1,0,0,107946291
,Godoy’s Tree Services,"Walled Lake, MI 48390",http://godoystreeservice.com,3138563179,godoystreeservicellc@gmail.com,4.9,59,4.8,4,,,,,,1,1,0,0,0,0,0,1,1,0,http://www.facebook.com/Godoys-Tree-Service-543589283259509/,,,,,"Tree Services,Damage Restoration",yelp,1,0,0,95547661
,Gary's Tree Service,"18857 Mackay St, Detroit, Mi 48234",http://garystreeinc.com/,3137798025,makinbigmoney@yahoo.com,4.4,58,,,,,,,,0,1,0,0,0,0,0,0,0,0,,,,,,Tree services,bing,1,0,0,95543819
,Frank Jastrabek’s Tree Service,"33041 Beechwood St, Westland, MI 48185",http://frankstree.com,7342664015,,4.8,135,3.9,12,,,,,,1,1,0,0,0,0,0,1,1,0,https://www.facebook.com/sharer/sharer.php?u=,,,,,"Firewood,Tree Services",yelp,1,0,0,95546828
,Elvis tree service LLC,"23491 Middlebelt Rd, Farmington Hills, MI 48336",http://elvistreeservice.com/,2486605493,elvistreeservicepro@gmail.com,5,121,,,,,,,,1,1,0,0,0,0,0,1,1,1,,,,https://www.youtube.com/embed/VhBl3dHT5SY?feature=oembed?playlist=VhBl3dHT5SY&mute=0&autoplay=0&loop=no&controls=0&start=0&end=,,"Tree service in Farmington Hills, Michigan",google-places,1,0,0,411705853
,E & J Tree Service,"Lincoln Park, MI 48146",http://ejtree.com,3132056236,,4.1,17,3.4,10,,,,,,0,0,0,0,0,0,0,0,0,0,,,,,,Tree Services,yelp,1,0,0,95544508
New,Eddies Tree Service LLC,,http://eddiestreeservicellc.com,2488808127,eddiestreeservicellc@gmail.com,5,15,,,,,,,,1,1,0,0,0,0,0,1,1,1,,,,,https://www.instagram.com/eddiestreeservicellc/,Tree service,google,1,0,0,561321507
,Downs Tree Service,"23115 Merriman Rd, New Boston, MI 48164",http://downstree.com,7347824312,,,,5,2,,,,,,0,0,0,0,0,0,0,1,1,0,,,,,,Tree Services,yelp,1,0,0,95547023
,Absolutely The Best Tree Service,"10580 Laurel, Livonia, MI 48150",http://dnrtreeservice.com/,7344271367,4954b8cb4d9d4c16af32a30734bf7aee.protect@withheldforprivacy.com,,,3,2,,,,,,0,0,0,0,0,0,0,1,1,1,,,,,,Tree Services,yelp,1,0,0,95547100
,Nate's Stump And Shrubbery Removal,,http://detroittreestumpremoval.com,3139990712,,4.7,12,,,,,,,,0,0,0,0,0,0,0,1,1,0,,,,,,Tree service,google,1,0,0,95545125
,Detroit Mulch,"14300 Prairie St, Detroit, MI 48238",http://detroitmulchcompany.com,3133120099,,4.7,15,,,,,,,,1,1,0,0,0,0,0,0,1,0,,,https://www.linkedin.com/company/detroit-mulch-co/,,https://www.instagram.com/detroitmulch/,Mulch supplier,google,1,0,0,95550024
,Dav’s tree service llc,,http://davstree.com,3134583153,admin@davstree.com,5,31,,,,,,,,1,0,0,0,0,0,0,1,1,1,,,,,,Tree service,google,1,0,1,411707016
,Double D tree service,"22509 Hill St, Warren, MI 48091",http://dannystreeservicemi.com,,,4.2,5,,,,,,,,0,0,0,0,0,0,0,0,0,0,,,,,,,google,1,0,0,95549472
,D & T Tree Experts,"Davison, MI 48423",http://dandttreeexperts.com,8102939099,info@dandttreeexperts.com,4.9,215,3.8,4,4.9,52,1245,8,1300,1,1,0,0,0,0,0,1,1,1,https://www.facebook.com/DandTTreeExperts,,,,,"Tree Services,Crane Services",yelp,1,0,0,95545936
,County Tree LLC,"16011 Lois Dr, Roseville, MI 48066",http://countytreellc.com,2485881701,amkryukov@gmail.com,,,,,,,,,,1,1,0,0,0,0,0,1,1,1,,,https://www.linkedin.com/company/countytree-llc,,,"Tree Service,Stump Removal & Grinding",yellowpages,1,0,0,411723124
,Chris G's Tree service,"15320 Churchill St, Southgate, MI 48195",http://business.site,3139380682,,4.8,32,,,,,,,,1,1,1,1,0,0,0,0,1,0,https://www.facebook.com/GoogleSmallBiz/,https://twitter.com/Googlesmallbiz/,https://www.linkedin.com/company/_manworks,https://www.youtube.com/watch?v=-MId593uOSQ&feature=youtu.be,,Tree service,google,1,0,0,8555424
,Bushmasters,"8630 N Middlebelt Rd, Westland, MI 48185",http://bushmastersinc.com,3139372340,bushmasters@gmx.com,4.1,66,,,,,,,,0,0,0,0,0,0,0,1,1,1,,,,,,Tree service,google,1,0,0,95550049
,Burton Tree Service,"19990 Poinciana, Redford, MI 48240",http://burtontree.com,3133638527,pw-20c74c5bce62592eeb0dcc39380d18ab@privacyguardian.org,,,,,,,,,,1,0,0,0,0,0,0,1,0,1,,,,,,"Tree Service,Firewood",yellowpages,1,0,0,335989777
New,Big Father & Sons Tree Service,,http://bigfatherandsonstreeservicellc.com,3137295715,lewisjsmithjr@gmail.com,4.9,183,,,,,,,,1,1,0,0,0,0,0,0,1,0,,,,,,Tree service,google,1,0,0,561320312
,Belt’s Tree Service,"Farmington Hills, MI 48336",http://Beltstreeservice.squarespace.com,7343346212,beltstrees43@gmail.com,5,14,5,3,,,,,,1,1,0,0,0,0,0,0,1,0,http://www.facebook.com/2008/fbml,,,,,Tree Services,yelp,1,0,0,95547105
,Arbor Pro Tree Service,"Grosse Pointe, MI 48236",http://arborproinc.com,3138824488,,,,2.3,3,,,,,,1,0,0,0,0,0,0,1,0,0,,,,,,Tree Services,yelp,1,0,0,95546690
,Arbol Tree Service,"Waterford Township, MI 48328",http://arboltreecare.com,2484102295,,4.8,193,3.8,17,,,,,,1,1,0,0,0,0,0,1,1,1,,,,,,Tree Services,yelp,1,0,0,95546512
,"American Made Tree Service, Inc.",,http://americanmadetree.com,7344271367,info@americanmadetree.com,5,148,,,,,,,,1,1,0,0,0,0,0,0,1,0,,,,,https://www.instagram.com/americanmadetree/,Tree service,google,1,0,0,335999794
,American Dream Landscaping,"5566 E 10 Mile Rd, Warren, MI 48091",http://americandream-landscaping.com,3136235901,,,,,,,,,,,0,0,0,0,0,0,0,0,0,0,,,,,,"Tree Service,Landscape Contractors,Landscaping & Lawn Services",yellowpages,1,0,0,107946358
,Amanita,"2123 McPherson St, Detroit, MI 48212",http://amanitatreeservice.com,3137196001,dean.t.simionescu@gmail.com,5,9,,,,,,,,0,0,0,0,0,0,0,1,1,1,,,,,,Tree service,google,1,0,0,95545468
,Alonzo's Tree Service,Serving theDetroit Area,http://alonzostreeservice.com,3138544894,,,,,,,,,,,1,1,0,0,0,0,0,0,1,1,,,,,,Tree Service,yellowpages,1,0,0,95543575
,All State Tree and Lawn Services,"4926 Fernlee Ave, Royal Oak, MI 48073",http://allstatetree.com,2486895750,info@allstatetree.com,4.7,31,,,,,219,,273,1,1,0,0,0,0,0,1,1,1,https://www.facebook.com/AllStateTreeAndLawn/,https://www.twitter.com/AllStateTreeMI,,,https://www.instagram.com/allstatetreeandlawnserv/,Tree service,google,1,0,0,34369995
,All State Tree and Lawn Services,"4926 Fernlee Ave, Royal Oak, MI 48073",http://allstatetree.com/,2486895750,allstatetreeandlawnservice@gmail.com,4.7,31,,,,,219,,273,1,1,0,0,0,0,0,1,1,1,https://www.facebook.com/AllStateTreeAndLawn/,https://www.twitter.com/AllStateTreeMI,,,https://www.instagram.com/allstatetreeandlawnserv/,"Tree service in Royal Oak, Michigan",google-places,1,0,0,335994524
,Anway’s Quality Tree Care,"21400 Jacksonville St, Farmington Hills, MI 48336",,3135378786,,3.4,12,2.7,3,,,,,,1,0,0,0,0,0,0,1,1,0,,,,,,Tree Services,yelp,,0,0,95547460
New,Brians Tree Trimming & Removal Inc,"1946 Otis Ave, Warren, MI 48091",,5868065799,,,,,,,,,,,0,0,0,0,0,0,0,0,0,0,,,,,,Tree Service,yellowpages,,0,0,561320918
,"F & G Tree Service, Llc","Detroit, MI 48204",,3134600518,,4.2,10,,,,,,,,0,0,0,0,0,0,0,0,0,0,,,,,,Tree service,google,,0,0,95545218
New,A & B Tree Service,"Warren, MI 48091",,5862228620,,,,,,,,,,,0,0,0,0,0,0,0,0,0,0,,,,,,Tree Service,yellowpages,,0,0,561320914
,Envision Tree & Lawn,"Waterford Township, MI 48327",,2489897800,support@yardbook.com,4.9,34,5,1,4.5,12,238,,,0,1,0,0,0,0,0,1,1,0,https://www.facebook.com/envisionlawncarellc/,https://www.twitter.com/yardbook,,,,Tree Services,yelp,,0,0,95546692
New,Alamance & Gaddy Tree Service,"6811 Schaefer Rd, Dearborn, MI 48126",,3362662415,,,,,,,,,,,0,0,0,0,0,0,0,0,0,0,,,,,,Tree Service,yellowpages,,0,0,561320791
,Sanchez Tree Service,"90 Forest St Pontiac, MI 48342",,2487450519,,,,1.9,36,,,,,,0,0,0,0,0,0,0,0,0,0,,,,,,Tree Services,yelp,,0,0,95547300
,TREE SPECIALIST 21,"18967 Fenmore St, Detroit, MI 48235",,8775039313,,5,1,,,,,,,,0,0,0,0,0,0,0,0,0,0,,,,,,Tree service,google,,0,0,95550059
New,Detroit Arborist Collective,,,3139852844,,4,4,,,,,,,,0,0,0,0,0,0,0,0,0,0,,,,,http://instagram.com,Tree service,google,,0,0,561321882
,Trembling Trees Tree Service,Serving theDetroit Area,,3134333431,,1.3,3,,,,,,,,0,0,0,0,0,0,0,0,0,0,,,,,,"Tree Service,Stump Removal &amp; Grinding",yellowpages,,0,0,95543547
,Da' Treeman (tree and bush removal),"16225 Forrer Street 11343 Prest, 15884 Sorrento Ave, Detroit, MI 48235",,2486655431,,5,10,,,,,,,,0,0,0,0,0,0,0,0,0,0,,,,,,Tree service,google,,0,0,95544602
,Beavers Tree Services,"Windsor, ON N8W 3R4 Canada",,5199846567,,,,,,,,,,,0,0,0,0,0,0,0,0,0,0,,,,,,Tree Services,yelp,,0,0,95547014
,E &amp; J Tree Service,Serving theDetroit Area,,3133810145,,4.1,17,,,,,,,,0,0,0,0,0,0,0,0,0,0,,,,,,Tree Service,yellowpages,,0,0,95543653
,B&B Lawnscape,"Eastpointe, MI 48021",,5866250431,,5,21,4.7,3,5,10,298,,,0,0,0,0,0,0,0,0,0,0,https://www.facebook.com/BESTLAWNGUYS/,,,,,"Lawn Services,Tree Services",yelp,,0,0,95545451
,Tom's Tree Services,"17447 Centralia, Redford Charter Twp, MI 48240",,3135341727,,3.2,13,,,,,,,,0,0,0,0,0,0,0,0,0,0,,,,,,Tree service,google,,0,0,95549798
,Al’s Professional Tree Service,"Detroit, MI 48213",,5866460559,,4.2,50,,,,,,,,0,0,0,0,0,0,0,0,1,0,,,,,,Tree Services,yelp,,0,0,95546829
,E & J Tree Services,"1927 London Ave, Lincoln Park, MI 48146",,,,4.1,17,,,,,,,,0,0,0,0,0,0,0,0,0,0,,,,,,Tree service,google,,0,0,95549749
,MICHIGAN Good Ol' Boys Tree Service,,,7344444259,,4.2,31,,,,,,,,0,0,0,0,0,0,0,0,0,0,,,,,,Tree service,google,,0,0,555893427
,Total Tree Service Inc,,,3133838733,,4.9,37,,,,,,,,0,0,0,0,0,0,0,0,0,0,,,,,,Tree service,google,,0,0,95545965
,Cueterads Landscaping,"15084 Mayfield St, Detroit, MI 48205",,3138440138,,,,,,,,,,,0,0,0,0,0,0,0,0,0,0,,,,,,Tree Service,yellowpages,,0,0,95543318
,Z’s Trees,"Ypsilanti, MI 48197",,3137788402,,4.9,83,4.7,25,,,,,,1,0,0,0,0,0,0,0,1,0,,,,,,Tree Services,yelp,,0,0,95544491
,HotShot Tree Service,"Saint Clair Shores, MI 48082",,5862417949,,5,45,5,5,,,,,,0,0,0,0,0,0,0,0,0,0,,,,,,Tree Services,yelp,,0,0,95546760
,DC Arborcare,"Belleville, MI 48111",,7343915400,dcardwell9393@gmail.com,4.9,11,5,3,5,34,399,6,,0,0,0,0,0,0,0,0,0,0,https://www.facebook.com/DCArborCareLLC/,,,,,Tree Services,yelp,,0,0,95544495
,Treehopperz,"12440 E McNichols Rd, Detroit, MI 48205",,3135758000,,5,2,,,,,,,,0,0,0,0,0,0,0,0,0,0,,,,,,Tree service,google,,0,0,95548850
New,BLACK &WHITE TREE SPECIALESTS,"Inkster, MI 48141",,7347656676,,,,,,,,,,,0,0,0,0,0,0,0,0,0,0,,,,,,Tree Service,yellowpages,,0,0,561320807
New,Wonoski & Sons Tree Service,"29510 Palomino Dr, Warren, MI 48093",,5865742354,,,,,,,,,,,0,0,0,0,0,0,0,0,0,0,,,,,,Tree Service,yellowpages,,0,0,561320921
New,Booker's Moving & Hauling,"19167 Sunset St, Detroit, MI 48234",,3136261939,,,,,,,,,,,0,0,0,0,0,0,0,0,0,0,,,,,,"Tree Service,Moving Services-Labor & Materials,Snow Removal Service",yellowpages,,0,0,561320780
New,Alan Mango Lawn & Snow,"21060 Westland Dr, Southfield, MI 48075",,2483580184,,4.3,8,,,,,,,,0,0,0,0,0,0,0,0,0,0,,,,,,"Tree Service,Snow Removal Service,Landscaping & Lawn Services",yellowpages,,0,0,561320957
New,BLACK & WHITE TREE SERVICE,"West Wayne Co., Taylor, 48180",,7347406331,,,,,,,,,,,0,0,0,0,0,0,0,0,0,0,,,,,,Tree Service,yellowpages,,0,0,561320916
New,Eager Beaver Firewood & Stump,"29670 Groesbeck Hwy, Roseville, MI 48066",,5867742622,,3.8,8,,,,,,,,0,0,0,0,0,0,0,0,0,0,,,,,,"Tree Service,Firewood",yellowpages,,0,0,561320935
,Torres Tree Services,,,7347273399,,5,12,,,,,,,,0,0,0,0,0,0,0,0,0,0,,,https://www.linkedin.com/company/gyi,,,Tree service,google,,0,0,536809413
New,BLACK&WHITE TREE SEV 24-7,"Western Wayne Co, Inkster, MI 48141",,7349420174,,,,,,,,,,,0,0,0,0,0,0,0,0,0,0,,,,,,Tree Service,yellowpages,,0,0,561320804
,CSL Tree Services,"21640 W 10 Mile Rd, Southfield, MI 48075",,3136862894,,,,,,,,,,,0,0,0,0,0,0,0,0,0,0,,,,,,"Tree Service,Landscaping & Lawn Services,Snow Removal Service",yellowpages,,0,0,119195969
,Huron Forestry,"Belleville, MI 48111",,7343080398,huronforestrytreeservice@gmail.com,5,42,5,3,,,,,,1,1,0,0,0,0,0,1,1,0,http://www.google.com/url?q=http%3A%2F%2Fwww.facebook.com%2FHuronforestryHFTS&sa=D&sntz=1&usg=AOvVaw37W6csjlhA3eYyYePszKur,,,,,Tree Services,yelp,,0,0,95546884
,Daskal Landscaping,"170 E Main St Northville, MI 48167",,2487190001,,,,5,1,,,,,,0,0,0,0,0,0,0,0,0,0,,,,,,Landscaping,yelp,,0,0,95547939
,Art’s Residental Tree Service,"8007 Burton Dr, Canton, MI 48187",,7344552266,,4.7,36,4.7,13,,,,,,0,0,0,0,0,0,0,0,0,0,,,,,,"Landscaping,Tree Services",yelp,,0,0,95545428
,Bill's Tree Service,Serving theDetroit Area,,3137593813,detroitobits@michigan.com,5,16,,,,,534246,,714000,1,1,1,1,0,0,0,0,1,0,https://www.facebook.com/detroitfreepress,https://twitter.com/freep,https://www.linkedin.com/company/detroit-free-press,,https://www.instagram.com/johncarlislefreep,Tree Service,yellowpages,,0,0,95543599
,Complete Tree Service,"Taylor, MI 48180",,7343653197,,,,,,,,,,,0,0,0,0,0,0,0,0,0,0,,,,,,Tree Service,yellowpages,,0,0,536795152
New,First Call Tree Experts LLC,,,7347202220,,4.7,14,,,,,,,,0,0,0,0,0,0,0,0,0,0,,,,,,Tree service,google,,0,0,561321577
,Treerangers911,Serving theDetroit Area,,3134869312,,3.3,3,,,,,,,,0,0,0,0,0,0,0,0,0,0,,,,,,Tree Service,yellowpages,,0,0,95543609
,Banks Tree Service,"933 Antoine, Wyandotte, MI 48192",,7347964682,,4.7,23,4.7,7,,,,,,1,0,0,0,0,0,0,1,1,0,,,,,,Tree Services,yelp,,0,0,95544501
,Brooks Tree Service,"2829 Oakwood Blvd, Melvindale, MI 48122",,8706133909,,,,,,,,,,,0,0,0,0,0,0,0,0,0,0,,,,,,Tree Service,yellowpages,,0,0,335990691
,Sam Outdoor Service,"Saline, MI 48176",,7346364822,,,,,,,,,,,0,0,0,0,0,0,0,0,0,0,,,,,,"Tree Services,Landscaping,Irrigation",yelp,,0,0,95545935
,Kenneth Mayes,"6377 30th St, Detroit, MI 48210",,3138943582,,,,,,,,,,,0,0,0,0,0,0,0,0,0,0,,,,,,Tree Service,yellowpages,,0,0,411723018
,Sterling Stump Services,"Hartland Township, MI 48353",,5172929109,,4.3,52,3,4,,,,,,1,0,0,0,0,0,0,1,1,0,,,,,,Tree Services,yelp,,0,0,95547212
,Service in Russellas Tree,"11845 Polk St, Taylor, MI 48180",,7343742122,,,,,,,,,,,0,0,0,0,0,0,0,0,0,0,,,,,,Tree Service,yellowpages,,0,0,95543768
,Jenny's Tree Service,"14712 Bade Dr, Warren, MI 48088",,5869441856,,4.2,75,,,,,,,,0,0,0,0,0,0,0,0,0,0,,,,,,"Tree Service,Landscape Contractors,General Contractors",yellowpages,,0,0,119187132
,Detroit Metro Tree Service,"1595 Silman St, Ferndale, MI 48220",,2485206994,,,,,,,,,,,0,0,0,0,0,0,0,0,0,0,,,,,,Tree Service,yellowpages,,0,0,335991345
,Blessed Hands Tree Service,Serving theDetroit Area,,5862310238,,,,,,,,,,,0,0,0,0,0,0,0,0,0,0,,,,,,Tree Service,yellowpages,,0,0,561320828
,Metro Bulk & Refuse,Serving theDetroit Area,,3135702502,,,,,,,,,,,0,0,0,0,0,0,0,0,0,0,,,,,,"Tree Service,Sprinklers-Garden & Lawn, Installation & Service,Trash Hauling",yellowpages,,0,0,542392138
,Andinos Tree Care,"Redford Charter Township, MI 48239",,2485201237,,,,,,,,,,,0,0,0,0,0,0,0,0,0,0,,,,,,Tree Service,yellowpages,,0,0,95543565
,586 Tree Service,"11331 Timken Ave, Warren, MI 48089",,5862226038,,,,,,,,,,,0,0,0,0,0,0,0,0,0,0,,,,,,"Tree Service,Firewood,Landscaping & Lawn Services",yellowpages,,0,0,107946354
,Universal Tree Service,"20556 Denby, Redford, MI 48240",,3138483655,,,,,,,,,,,0,0,0,0,0,0,0,0,0,0,,,,,,Tree Service,yellowpages,,0,0,95543562
,King Of Trees,Serving theDetroit Area,,3134565175,,,,,,,,,,,0,0,0,0,0,0,0,0,0,0,,,,,,Tree Service,yellowpages,,0,0,561320815
,PJAYS TREE SERVICES,,,3133463834,,4.7,28,,,,,,,,0,0,0,0,0,0,0,0,0,0,,,,,,Tree service,google,,0,1,411741858
,Jerry's Tree Service,"4005 Madison St, Dearborn Heights, MI 48125",,7348192217,,,,,,,,,,,0,0,0,0,0,0,0,0,0,0,,,,,,Tree Service,yellowpages,,0,0,411705594
,Jef R. Maintenance and Tree Services,,,3134785528,,4.7,15,,,,,,,,0,0,0,0,0,0,0,0,0,0,,,,,,Tree service,google,,0,0,411707019
,Champs Tree Service,"Detroit Beach, MI 48237",,3132139784,,,,,,,,,,,0,0,0,0,0,0,0,0,0,0,,,,,,Tree Service,yellowpages,,0,0,335990392
,James Tree Service,"9460 Lakepointe St, Detroit, MI 48224",,3136810716,,,,,,,,,,,0,0,0,0,0,0,0,0,0,0,,,,,,Tree Service,yellowpages,,0,0,411723035
,Floyd's Landscaping & Snow Removal,"21930 Wyoming St, Oak Park, MI 48237",,3139954987,,,,,,,,,,,0,0,0,0,0,0,0,0,0,0,,,,,,"Tree Service,Landscape Contractors,Snow Removal Service",yellowpages,,0,0,409863147
,The Sydney Project,"Flushing, MI 48433",,8108307987,,5,7,,,,,,,,0,0,0,0,0,0,0,0,0,0,,,,,,Tree Services,yelp,,0,0,95546293
,Arelica Tree Services,"1114 Donald Ave, Royal Oak, MI 48073",,2484575244,,,,5,1,,,,,,0,0,0,0,0,0,0,0,0,0,,,,,,"Tree Services,Landscaping",yelp,,0,0,95546461
,Old Mcdonald Tree Services,"15485 Ilene St, Detroit, MI 48238",,3135225606,,3,8,,,,,,,,0,0,0,0,0,0,0,0,0,0,,,,,,"Tree service in Detroit, Michigan",google-places,,0,0,336225825
,New Era Tree Service LLC,,,3134654185,,4.8,6,,,,,,,,0,0,0,0,0,0,0,0,0,0,,,,,,Tree service,google,,0,0,561321718
,Trees Are Trembling Tree Service,Serving theDetroit Area,,3137171230,,,,,,,,,,,0,0,0,0,0,0,0,0,0,0,,,,,,Tree Service,yellowpages,,0,0,561320847
,Forest Tree Service,Serving theDetroit Area,,3138267302,,,,,,,,,,,0,0,0,0,0,0,0,0,0,0,,,,,,Tree Service,yellowpages,,0,0,95543645
,George's Tree Expert Company,"9960 Columbia, Redford, MI 48239",,2486335900,,,,,,,,,,,0,0,0,0,0,0,0,0,0,0,,,,,,"Tree Service,Stump Removal & Grinding",yellowpages,,0,0,411705576
,Wood's Tree Service,"Detroit, MI 48205",,3135057862,,,,,,,,,,,0,0,0,0,0,0,0,0,0,0,,,,,,Tree Service,yellowpages,,0,0,561320775
,US TREE REMOVAL,"14349 W Warren Ave, Dearborn, MI 48126",,3139364140,,4.9,33,,,,,,,,0,0,0,0,0,0,0,0,0,0,,,,,,"Tree service in Dearborn, Michigan",google-places,,0,0,335993858
,Woody’s landscaping and tree service,"Detroit, MI 48234",,2489912889,,,,1,2,,,,,,0,0,0,0,0,0,0,0,0,0,,,,,,"Landscaping,Tree Services",yelp,,0,0,95546886
,S Lucia,"1170 Hawthorne Rd, Grosse Pointe Woods, MI 48236",,3138819241,,,,,,,,,,,0,0,0,0,0,0,0,0,0,0,,,,,,"Tree Service,Landscape Designers & Consultants,Landscaping & Lawn Services",yellowpages,,0,0,381351172
,P & L Tree Service,"1825 Buckingham Ave, Lincoln Park, MI 48146",,7346240258,,,,,,,,,,,0,0,0,0,0,0,0,0,0,0,,,,,,"Tree Service,Landscaping & Lawn Services,Snow Removal Service",yellowpages,,0,0,408988643
,Al's Professional Tree Service,"Detroit, MI 48213",,3134141965,,,,,,,,,,,0,0,0,0,0,0,0,0,0,0,,,,,,"Tree Service,Stump Removal & Grinding",yellowpages,,0,0,335988860
,All American Tree Specialist,"Sterling Heights, MI 48314",,5868791141,,,,,,,,,,,0,0,0,0,0,0,0,0,0,0,,,,,,Tree Services,yelp,,0,0,95547363
,P&D Construction,"Detroit, MI 48201",,2486885594,,,,,,,,,,,0,0,0,0,0,0,0,0,0,0,,,,,,"Masonry/Concrete,Tree Services,General Contractors",yelp,,0,0,92959662
,Out on A Limb Tree Care,"29509 Greater Mack Ave, Saint Clair Shores, MI 48081",,5863620080,,,,,,,,,,,0,0,0,0,0,0,0,0,0,0,,,,,,Tree Service,yellowpages,,0,0,335990723
,AMS Tree Service,"13340 Merriman Rd Ste 1 Livonia, MI 48150",,7346120013,,5,10,,,,,,,,1,1,0,0,0,0,0,1,1,0,,,,,,Tree Services,yelp,,0,0,95547294
,Trumph's Tree Service,"19254 Telegraph Rd, Detroit, MI 48219",,3132053320,,,,,,,,,,,0,0,0,0,0,0,0,0,0,0,,,,,,Tree Service,yellowpages,,0,0,335989852
,Downriver Green Tree,"63 W Josephine St, Ecorse, MI 48229",,3135305354,,,,,,,,,,,0,0,0,0,0,0,0,0,0,0,,,,,,Tree Service,yellowpages,,0,0,335990979
,Tree Service Dittman,"3200 E 10 Mile Rd, Warren, MI 48091",,5868065570,,,,,,,,,,,1,1,1,0,0,0,0,1,1,0,,,,,,"Tree Service,Landscaping & Lawn Services,Lawn Maintenance",yellowpages,,0,0,159959321
,One Stop Tree Service,"Detroit, MI 48213",,3139261668,,,,,,,,,,,0,0,0,0,0,0,0,0,0,0,,,,,,Tree Service,yellowpages,,0,0,561320777
,First Call,"Warren, MI 48091",,3133521719,,,,,,,,,,,0,0,0,0,0,0,0,0,0,0,,,,,,Tree Services,yelp,,0,0,95547208
,Mejia's tree service,,,3138022106,,5,5,,,,,,,,0,0,0,0,0,0,0,0,0,0,,,,,,Tree service,google,,0,0,536808921
,Acorn Tree Company,"Madison Heights 48071, Madison Heights, MI 48071",,2488722249,,,,,,,,,,,0,0,0,0,0,0,0,0,0,0,,,,,,Tree Service,yellowpages,,0,0,335990393
,Brighton Tree Removal,"6232 Island Lake Dr, Brighton, MI 48116",,2487074858,,,,,,,,,,,0,0,0,0,0,0,0,0,0,0,,,,,,Tree Services,yelp,,0,0,95546590
,Cherry wood tree service,"904 E Coy Ave, Hazel Park, MI 48030",,2482597395,,4.7,24,,,,,,,,0,0,0,0,0,0,0,0,0,0,,,,,,"Tree service in Hazel Park, Michigan",google-places,,0,0,411723609
,Siemienski Property Management,"Roseville, MI 48066",,5862229997,dan@nelsonpm.com,4.6,240,5,1,,,,,,0,1,0,0,0,0,0,1,1,0,https://www.facebook.com/nelsonpropertymanagement1/,,https://www.linkedin.com/in/dannelsonbroker/,,,"Property Management,Tree Services",yelp,,0,0,95546763
,American Eagle Tree Service,"Detroit, MI 48203",,2487070037,,,,,,,,,,,0,0,0,0,0,0,0,0,0,0,,,,,,Tree Service,yellowpages,,0,0,335989793
,Trees by Omar,Serving theDetroit Area,,3132289799,,,,,,,,,,,0,0,0,0,0,0,0,0,0,0,,,,,,Tree Service,yellowpages,,0,0,95543638
,Moireservicesllc,"Detroit, MI 48228",,5862575529,,,,,,,,,,,0,0,0,0,0,0,0,0,0,0,,,,,,"Landscaping,Demolition Services,Junk Removal & Hauling",yelp,,0,0,95547459
,ANUR Lawn care And Tree service Detroit,"11386 Patton St, Detroit, MI 48228",,3134836322,,,,,,,,,,,0,0,0,0,0,0,0,0,0,0,,,,,,,google-places,,0,0,313358751
New,Island Edge Tree Service,"16480 Weddel St, Taylor, MI 48180",,7347722874,,4.9,141,,,,,,,,0,0,0,0,0,0,0,0,0,0,,,,,,"Tree service in Taylor, Michigan",google-places,,0,0,561320614
,Ideal Tree,"19245 Waldron St, Roseville, MI 48066",,5867785879,,,,,,,,,,,0,0,0,0,0,0,0,0,0,0,,,,,,Stump Removal & Grinding,yellowpages,,0,0,95543881
,All Spaces Cleaning & Maintenance,"20037 Annapolis St, Dearborn Heights, MI 48125",,7344461992,,,,,,,,,,,0,0,0,0,0,0,0,0,0,0,,,,,,"Tree Service,Gutters & Downspouts Cleaning,Cleaning Contractors",yellowpages,,0,0,243410641
,Inner-City Tree Service,Serving theDetroit Area,,3139338065,,,,,,,,,,,0,0,0,0,0,0,0,0,0,0,,,,,,Tree Service,yellowpages,,0,0,561320814
,Detroit trees,"18651 Sawyer St, Detroit, MI 48228",,3133349306,,4.9,7,,,,,,,,0,0,0,0,0,0,0,0,0,0,,,,,,Tree service,google,,0,0,536809125
,Dav’s Tree Service,"13311 Longview St Detroit, MI 48213",,3136701870,,3.9,57,5,1,,,,,,0,0,0,0,0,0,0,1,1,0,,,,,,"Junk Removal & Hauling,Tree Services",yelp,,0,0,95545939
,Shock Brothers Tree Care,"26800 Bunert Rd, Warren, MI 48089",,5867736040,,4,14,,,,,,,,0,0,0,0,0,0,0,0,0,0,,,,,,"Tree Service,Landscape Contractors,Landscaping & Lawn Services",yellowpages,,0,0,107946350
New,J. Romo Tree Service,"6105 John Kronk St, Detroit, Mi 48210",,2489397420,,,,,,,,,,,0,0,0,0,0,0,0,0,0,0,,,,,,,bing,,0,0,561320060
,A&d Lawn And Tree,"Warren, MI 48091",,5866638003,,,,3,2,,,,,,0,0,0,0,0,0,0,0,0,0,,,,,,"Tree Services,Lawn Services",yelp,,0,0,95547932
New,Two Tree Guys,"3720 Dandurand Ave, Windsor, ON N9E 2G3, Canada",,15198176453,,5,13,,,,,,,,0,0,0,0,0,0,0,0,0,0,,,,,,"Tree service in Windsor, Ontario",google-places,,0,0,561321503
,A&A Lawncare service,"Dearborn, MI 48126",,3136490054,,,,,,,,,,,0,0,0,0,0,0,0,0,1,0,,,,,,"Lawn Services,Snow Removal,Tree Services",yelp,,0,0,95547657
,Treelated,"10101 Fenkell St, Detroit, MI 48238",,3133974817,,4.5,22,,,,,,,,0,0,0,0,0,0,0,0,0,0,,,,,,Tree Service,yellowpages,,0,0,411705794
,Umbrella Tree,"2398 Burger St, Hamtramck, MI 48212",,3136036030,,,,,,,,,,,0,0,0,0,0,0,0,0,0,0,,,,,,Tree Service,yellowpages,,0,0,335991074
,Alway's Available Tree Service,Serving theDetroit Area,,3132898110,,,,,,,,,,,0,0,0,0,0,0,0,0,0,0,,,,,,Tree Service,yellowpages,,0,0,561320849
,Dutchs Tree Service,Serving theDetroit Area,,3138708398,,,,,,,,,,,0,0,0,0,0,0,0,0,0,0,,,,,,Tree Service,yellowpages,,0,0,561320812
,Creative Landscaping Services Inc,"P O Box 40094, Redford, MI 48240",,3139994157,,,,,,,,,,,0,0,0,0,0,0,0,0,0,0,,,,,,"Tree Service,Landscaping & Lawn Services,Trucking-Light Hauling",yellowpages,,0,0,107946130
,Calvary Tree Service,"3616 Westpoint St, Dearborn, MI 48124",,3139144386,,,,,,,,,,,0,0,0,0,0,0,0,0,0,0,,,,,,Tree Service,yellowpages,,0,0,536794758
,FYE Tree Service LLC,"5564 Linsdale st, Detroit, MI 48204",,3134521818,,4.7,29,,,,,,,,0,0,0,0,0,0,0,0,0,0,,,,,,Tree Service,yellowpages,,0,0,411723136
,ArborCare of Michigan,"23074 Sherman St, Oak park, MI 48237",,2489793885,,,,,,,,,,,0,0,0,0,0,0,0,0,0,0,,,,,,"Tree Service,Arborists,Stump Removal & Grinding",yellowpages,,0,0,335988849
,One of A Kind Tree Service,"15208 Flanders St, Southgate, MI 48195",,7346453718,,4.8,66,,,,,,,,1,0,0,0,0,0,0,1,1,0,,,,,,Tree Service,yellowpages,,0,0,95543780
,Expert Tree Service,"4606 Lodewyck St, Detroit, MI 48224",,3132091188,,,,,,,,,,,0,0,0,0,0,0,0,0,0,0,,,,,,Tree Service,yellowpages,,0,0,95543331
,Modern Landscape & Property Maintanence,"St Clair Shore, MI 48081",,3137044082,,,,5,1,,,,,,0,0,0,0,0,0,0,0,0,0,,,,,,"Landscaping,Tree Services,Landscape Architects or Designers",yelp,,0,0,95546824
,Brightside Maintenance,"Windsor, ON N8Y 4W5, Canada",,2267734289,,,,,,,,,,,0,0,0,0,0,0,0,0,0,0,,,,,,"Landscaping,Pressure Washers,Gardeners",yelp,,0,0,95546764
,Treeman Tree Experts,,,5864476671,,5,4,,,,,,,,0,0,0,0,0,0,0,0,0,0,,,,,,Tree service,google,,0,0,411740640
,Family Tree Removal,"51220 Fairlane Dr, Utica, MI 48316",,5863830655,,,,3,3,,,,,,0,0,0,0,0,0,0,0,0,0,,,,,,Tree Services,yelp,,0,0,95547298
,Motorcity tree Service,"9460 Lakepointe St, Detroit, MI 48224",,3133188826,,5,3,,,,,,,,1,1,0,0,0,0,0,1,1,0,,,,https://www.youtube.com/@motorcity4435,,"Stump Removal & Grinding,Excavation Contractors",yellowpages,,0,0,95543725
,Harrison Tree Service,"1903 Bellaire Ave, Royal Oak, MI 48067",,2485429749,,,,,,,,,,,0,0,0,0,0,0,0,0,0,0,,,,,,Tree Service,yellowpages,,0,0,335990346
,Old 2 New,"13436 Saint Andrews Avenue, Warren, MI 48089",,3137425815,,,,,,,,,,,0,0,0,0,0,0,0,0,0,0,,,,,,"Tree Service,Landscaping & Lawn Services,Stump Removal & Grinding",yellowpages,,0,0,107946649
,David's Tree Service,"14434 Elmdale St, Detroit, MI 48213",,3132655603,,,,,,,,,,,0,0,0,0,0,0,0,0,0,0,,,,,,"Tree Service,Landscape Contractors,Landscaping & Lawn Services",yellowpages,,0,0,107945878
,Dittman Tree Service,"22120 Ryan Rd, Warren, MI 48091",,5867580758,,,,,,,,,,,0,0,0,0,0,0,0,0,0,0,,,,,,"Tree Service,Arborists,Grading Contractors",yellowpages,,0,0,107946668
,Redfford Tree Care,Serving theDetroit Area,,3132477305,,,,,,,,,,,0,0,0,0,0,0,0,0,0,0,,,,,,Tree Service,yellowpages,,0,0,561320809
,Jeffrey Tree Service,"17162 Sylvan St, Roseville, MI 48066",,5862510879,,,,,,,,,,,0,0,0,0,0,0,0,0,0,0,,,,,,Tree Service,yellowpages,,0,0,95543460
,"First Responders Landscaping, LLC","8640 Warren Blvd, Center Line, MI 48015",,5864419886,,,,,,,,,,,0,0,0,0,0,0,0,0,0,0,,,,,,"Tree Service,Landscaping & Lawn Services,Property Maintenance",yellowpages,,0,0,107946410
,Kaibil Tree Service,"8040 Dayton St, Detroit, MI 48210",,2486671791,,,,,,,,,,,0,0,0,0,0,0,0,0,0,0,,,,,,"Tree Service,Landscaping & Lawn Services,Snow Removal Service",yellowpages,,0,0,107946011
,Here Today Gone Tomorrow Tree Service,,,3132138686,,5,7,,,,,,,,0,0,0,0,0,0,0,0,0,0,,,,,,Tree service,google,,0,0,411747617
,All Stump Grinding,"19933 Woodworth, Redford, MI 48240",,2488916413,,,,,,,,,,,0,0,0,0,0,0,0,0,0,0,,,,,,Tree Service,yellowpages,,0,0,335989293
,Schilbe Tree Care,Serving theDetroit Area,,3135655552,,,,,,,,,,,1,1,0,0,0,0,0,1,1,0,,,,,,"Tree Service,Lawn Maintenance",yellowpages,,0,0,107946247
,Rainbow Tree Service,"550 W Saratoga St, Ferndale, MI 48220",,2485424266,,,,,,,,,,,0,0,0,0,0,0,0,0,0,0,,,,,,Tree Service,yellowpages,,0,0,335989285
,Treerangers-911,"Detroit, MI 48228",,3136009055,,,,,,,,,,,0,0,0,0,0,0,0,0,0,0,,,,,,Tree Service,yellowpages,,0,0,561320742
,Andy’s Arbor Care,"19 Mile Rd, Sterling Heights, MI 48313",,5867098029,,5,5,4.5,8,,,,,,1,0,0,0,0,0,0,1,1,0,,,,,,Tree Services,yelp,,0,0,95544483
,Powers Tree Service,,,7344257617,,5,10,,,,,,,,0,0,0,0,0,0,0,0,0,0,,,,,,Tree service,google,,0,0,411706911
,JDC Tree Service,"Livonia, MI 48154",,7343538028,,,,2.8,5,,,,,,0,0,0,0,0,0,0,0,0,0,,,,,,Tree Services,yelp,,0,0,95546687
,XA&D Tree Services,"Detroit, MI 48204",,2482126613,,,,,,,,,,,0,0,0,0,0,0,0,0,0,0,,,,,,Tree Services,yelp,,0,0,95546284
,Bizzy B's Tree Service,"Taylor, MI 48180",,3134547248,,,,,,,,,,,0,0,0,0,0,0,0,0,0,0,,,,,,Tree Service,yellowpages,,0,0,335990228
,Sheba's Tree Service,,,3137848121,,5,6,,,,,,,,0,0,0,0,0,0,0,0,0,0,,,,,,Tree service,google,,0,0,561321822
,Treemax Tree Service,"16364 Lincoln Ave, Eastpointe, MI 48021",,5867745988,,,,,,,,,,,0,0,0,0,0,0,0,0,0,0,,,,,,Tree Service,yellowpages,,0,0,335990126
,Omars Tree Service,"Detroit, MI 48227",,3132177474,,,,,,,,,,,0,0,0,0,0,0,0,0,0,0,,,,,,Tree Service,yellowpages,,0,0,561320771
,Chris' Tree Service,Serving theDetroit Area,,3139303514,,,,,,,,,,,0,0,0,0,0,0,0,0,0,0,,,,,,Tree Service,yellowpages,,0,0,95543591
,G & R Quality Property Maintenance,"20453 Gaylord, Redford, MI 48240",,7349316080,,,,,,,,,,,0,0,0,0,0,0,0,0,0,0,,,,,,"Tree Service,Landscaping & Lawn Services,Snow Removal Service",yellowpages,,0,0,542392014
,Campbell-Thompson Tree,"5134 Webb St, Detroit, MI 48204",,3139122574,,,,,,,,,,,0,0,0,0,0,0,0,0,0,0,,,,,,"Tree Service,Roofing Contractors",yellowpages,,0,0,105158710
,True To You Tree Service,"11811 Telegraph Rd, Taylor, MI 48180",,3137402990,info@shepherds-land.com,,,,,,,,,,1,0,0,0,0,0,0,0,0,0,,,https://www.linkedin.com/company/shepherds-tree-service,,,Tree Service,yellowpages,,0,0,335990287
,Ahola’s Tree Service,"Southfield, MI 48075",,2486609491,,,,,,,,,,,0,0,0,0,0,0,0,0,0,0,,,,,,Tree Services,yelp,,0,0,95547358
,Haack’s Excavation Solutions,"Columbus, MI 48063",,8103051686,,5,5,5,1,,,,,,1,0,0,0,0,0,0,0,1,0,https://www.google.com/url?q=https%3A%2F%2Fwww.facebook.com%2FHaacksExcavationSolutions&sa=D&sntz=1&usg=AOvVaw2fNDTuVoTtOf9JvFg6WbG6,,https://www.google.com/url?q=https%3A%2F%2Fwww.linkedin.com%2Fin%2Fthomas-haack-excavation%2F&sa=D&sntz=1&usg=AOvVaw2Jpdw6fWoJ_UipcnS3ZkQk,https://www.youtube.com/@HaacksExcavationSolutions/featured,https://www.google.com/url?q=https%3A%2F%2Fwww.instagram.com%2Fhaacksexcavationsolutions%2Freels%2F&sa=D&sntz=1&usg=AOvVaw0QIvO4F5D6Cfrn-6EX9Mda,"Excavation Services,Landscaping,Demolition Services",yelp,,0,0,95546930
,bradleys tree service,"15501 Meadow St, romulus, MI 48174",,7343095010,,,,,,,,,,,0,0,0,0,0,0,0,0,0,0,,,,,,Tree Service,yellowpages,,0,0,335990304